date,stock_code,price_obs,price_exit,vwap,twap,X1,X2,Z,Y,morning_volume,morning_amount
2025-01-02,002247,2.64,2.55,2.6061804,2.611833,0.012976766,-0.0021642447,0.008648276,-0.034090936,1.15075e+07,2.999062e+07
2025-01-03,002247,2.51,2.41,2.4953623,2.4906666,0.0058659315,0.0018852949,0.009636521,-0.03984058,1.47088e+07,3.6703784e+07
2025-01-06,002247,2.39,2.35,2.3546913,2.3683329,0.014995098,-0.005760014,0.00347507,-0.016736507,1.34737e+07,3.1726404e+07
2025-01-07,002247,2.4,2.45,2.3857636,2.3865001,0.0059672594,-0.00030857325,0.005350113,0.020833254,1.34689e+07,3.2133612e+07
2025-01-08,002247,2.4,2.45,2.4416685,2.436333,-0.017065525,0.0021899939,-0.012685537,0.020833254,9.3076e+06,2.2726074e+07
2025-01-09,002247,2.48,2.47,2.455417,2.4553332,0.010011792,3.4093857e-05,0.01007998,-0.004032254,7.2429e+06,1.778434e+07
2025-01-10,002247,2.42,2.38,2.4469914,2.444,-0.011030436,0.001224041,-0.008582354,-0.016528904,7.3593e+06,1.8008144e+07
2025-01-13,002247,2.32,2.36,2.3101645,2.3158336,0.0042574406,-0.0024479628,-0.00063848495,0.017241359,7.2093e+06,1.6654669e+07
2025-01-14,002247,2.46,2.54,2.4343643,2.4380002,0.01053071,-0.0014913678,0.0075479746,0.032520294,7.6428e+06,1.860536e+07
2025-01-15,002247,2.54,2.52,2.5283377,2.5231662,0.004612565,0.0020495653,0.008711696,-0.007874012,1.09945e+07,2.7797808e+07
2025-01-16,002247,2.78,2.73,2.7552557,2.7666664,0.008980751,-0.0041243434,0.00073206425,-0.017985582,6.62249e+07,1.8246653e+08
2025-01-17,002247,2.6,2.58,2.6059132,2.5893335,-0.0022691488,0.0064030886,0.010537028,-0.0076922774,3.1053872e+07,8.09237e+07
2025-01-20,002247,2.59,2.57,2.572765,2.5790002,0.006698966,-0.002417624,0.001863718,-0.00772202,1.29481e+07,3.331242e+07
2025-01-21,002247,2.63,2.6,2.6515448,2.649,-0.008125365,0.00096070766,-0.0062039495,-0.0114068985,2.5031072e+07,6.637101e+07
2025-01-22,002247,2.56,2.56,2.5669334,2.5685003,-0.002701044,-0.00061005354,-0.003921151,0.0,1.3675699e+07,3.510461e+07
2025-01-23,002247,2.6,2.57,2.6236546,2.6160002,-0.009015918,0.002925992,-0.0031639338,-0.011538446,1.66997e+07,4.3814244e+07
2025-01-24,002247,2.53,2.57,2.5322573,2.5338333,-0.00089144707,-0.00062197447,-0.002135396,0.015810251,8.9714e+06,2.2717894e+07
2025-01-27,002247,2.65,2.61,2.6539953,2.655333,-0.0015053749,-0.00050377846,-0.0025129318,-0.015094399,1.841914e+07,4.888431e+07
2025-02-05,002247,2.65,2.64,2.6472173,2.647,0.0010511875,8.201599e-05,0.0012152195,-0.00377357,1.149344e+07,3.0425632e+07
2025-02-06,002247,2.64,2.65,2.6049984,2.6074998,0.013436437,-0.00095933676,0.011517763,0.0037878752,1.45175e+07,3.7818064e+07
2025-02-07,002247,2.72,2.71,2.699933,2.7078335,0.0074323416,-0.0029176474,0.0015970469,-0.003676474,1.7111304e+07,4.6199376e+07
2025-02-10,002247,2.75,2.75,2.7422853,2.7418334,0.00281322,0.00016474724,0.0031427145,0.0,1.21146e+07,3.322169e+07
2025-02-11,002247,2.7,2.71,2.707213,2.7036667,-0.0026643276,0.0013116598,-4.1007996e-05,0.0037037134,1.16061e+07,3.1420184e+07
2025-02-12,002247,2.71,2.72,2.7166293,2.7175002,-0.0024402142,-0.00032049417,-0.0030812025,0.0036900043,8.7008e+06,2.3636848e+07
2025-02-13,002247,2.76,2.79,2.74351,2.7426665,0.0060105324,0.00030755997,0.0066256523,0.010869503,1.97168e+07,5.409324e+07
2025-02-14,002247,2.78,2.76,2.7889678,2.7898333,-0.0032154918,-0.00031024218,-0.0038359761,-0.007194221,1.48685e+07,4.146777e+07
2025-02-17,002247,2.83,2.81,2.7893555,2.7763333,0.014571309,0.0046904087,0.023952127,-0.007067144,2.03541e+07,5.677482e+07
2025-02-18,002247,2.74,2.69,2.7572808,2.7525003,-0.006267369,0.0017367601,-0.0027938485,-0.01824814,1.54521e+07,4.260578e+07
2025-02-19,002247,2.67,2.69,2.688119,2.6906667,-0.0067403316,-0.0009468794,-0.00863409,0.007490635,7.4842e+06,2.011842e+07
2025-02-20,002247,2.69,2.71,2.6981058,2.6918333,-0.003004253,0.002330184,0.001656115,0.007434964,8.3414e+06,2.250598e+07
2025-02-21,002247,2.65,2.67,2.6590078,2.6518333,-0.00338763,0.0027054548,0.0020232797,0.00754714,1.12818e+07,2.9998394e+07
2025-02-24,002247,2.72,2.71,2.6864004,2.6835005,0.012507319,0.0010806322,0.014668584,-0.003676474,1.12423e+07,3.020132e+07
2025-02-25,002247,2.76,2.72,2.7410386,2.746833,0.006917596,-0.0021095276,0.0026985407,-0.01449275,1.65655e+07,4.5406676e+07
2025-02-26,002247,2.74,2.76,2.7463393,2.743167,-0.0023082495,0.0011564493,4.6491623e-06,0.007299304,7.2216e+06,1.9832964e+07
2025-02-27,002247,2.75,2.75,2.7780888,2.7681668,-0.010110855,0.003584385,-0.0029420853,0.0,1.38748e+07,3.8545428e+07
2025-02-28,002247,2.68,2.62,2.690433,2.6865,-0.0038778186,0.0014640093,-0.0009498,-0.0223881,9.0194e+06,2.4266092e+07
2025-03-03,002247,2.65,2.58,2.6316183,2.6396668,0.006984949,-0.0030490756,0.0008867979,-0.02641517,9.5843e+06,2.522222e+07
2025-03-04,002247,2.58,2.59,2.580519,2.586,-0.00020116568,-0.0021194816,-0.004440129,0.0038759708,6.9955e+06,1.805202e+07
2025-03-05,002247,2.51,2.58,2.5349634,2.5325003,-0.009847641,0.0009726286,-0.007902384,0.027888417,1.24607e+07,3.1587418e+07
2025-03-06,002247,2.59,2.61,2.5911329,2.5871668,-0.00043725967,0.0015330315,0.0026288033,0.00772202,8.9012e+06,2.3064192e+07
2025-03-07,002247,2.62,2.58,2.6067436,2.6088333,0.005085349,-0.0008010268,0.0034832954,-0.015267134,9.4007e+06,2.4505214e+07
2025-03-10,002247,2.6,2.6,2.6027553,2.5978332,-0.0010586381,0.0018947124,0.0027307868,0.0,8.5766e+06,2.2322792e+07
2025-03-11,002247,2.59,2.6,2.5861075,2.5913336,0.0015051365,-0.0020167828,-0.002528429,0.0038609505,6.9139e+06,1.7880088e+07
2025-03-12,002247,2.62,2.62,2.6355884,2.629,-0.0059146285,0.0025060177,-0.00090259314,0.0,1.2657699e+07,3.3360486e+07
2025-03-13,002247,2.56,2.56,2.5719895,2.566833,-0.0046616197,0.002008915,-0.00064378977,0.0,1.06812e+07,2.7471934e+07
2025-03-14,002247,2.56,2.64,2.5576825,2.5573335,0.0009061098,0.00013649464,0.0011790991,0.03125012,6.0091e+06,1.536937e+07
2025-03-17,002247,2.72,2.71,2.6998508,2.6969995,0.0074630976,0.001057148,0.0095773935,-0.003676474,1.90948e+07,5.155311e+07
2025-03-18,002247,2.67,2.69,2.683869,2.6826663,-0.0051674843,0.00044822693,-0.0042710304,0.007490635,8.9191e+06,2.3937696e+07
2025-03-19,002247,2.67,2.67,2.6820936,2.6809998,-0.004508972,0.0004080534,-0.0036928654,0.0,7.6881e+06,2.0620204e+07
2025-03-20,002247,2.7,2.68,2.6944864,2.696,0.0020462275,-0.00056147575,0.00092327595,-0.007407427,7.7124e+06,2.0780956e+07
2025-03-21,002247,2.67,2.66,2.6729033,2.6711667,-0.0010861754,0.00065016747,0.00021415949,-0.0037453175,1.08234e+07,2.8929902e+07
2025-03-24,002247,2.58,2.49,2.600971,2.5945003,-0.00806278,0.0024939775,-0.0030748248,-0.034883678,1.20958e+07,3.1460824e+07
2025-03-25,002247,2.42,2.47,2.437249,2.4345,-0.007077217,0.0011291504,-0.0048189163,0.020661116,1.09456e+07,2.6677152e+07
2025-03-26,002247,2.51,2.5,2.5058727,2.5136664,0.0016469955,-0.0031005144,-0.0045540333,-0.003984034,9.1724e+06,2.2984868e+07
2025-03-27,002247,2.48,2.49,2.4757295,2.4753335,0.0017249584,0.00015997887,0.0020449162,0.004032254,7.3025e+06,1.8079014e+07
2025-03-28,002247,2.43,2.43,2.4577994,2.4534996,-0.011310697,0.0017524958,-0.007805705,0.0,8.4196e+06,2.0693688e+07
2025-03-31,002247,2.37,2.4,2.3870313,2.3856666,-0.007134974,0.0005720854,-0.0059908032,0.012658358,6.0123e+06,1.4351548e+07
2025-04-01,002247,2.46,2.43,2.4339747,2.436167,0.010692477,-0.0008998513,0.008892775,-0.01219511,5.895e+06,1.4348281e+07
2025-04-02,002247,2.44,2.44,2.4339538,2.4359999,0.0024842024,-0.00083994865,0.0008043051,0.0,4.986e+06,1.2135693e+07
2025-04-03,002247,2.44,2.46,2.433047,2.4365,0.002857685,-0.0014172196,2.3245811e-05,0.008196712,5.6975e+06,1.3862285e+07
2025-04-07,002247,2.21,2.21,2.2409232,2.2230003,-0.01379931,0.008062482,0.002325654,0.0,1.20563e+07,2.7017242e+07
2025-04-08,002247,2.13,2.13,2.1342454,2.1268334,-0.0019891262,0.0034849644,0.0049808025,0.0,1.38757e+07,2.9614148e+07
2025-04-09,002247,2.08,2.18,2.0045655,2.0151668,0.037631273,-0.0052607656,0.027109742,0.048076987,1.44151e+07,2.8896012e+07
2025-04-10,002247,2.27,2.27,2.2530987,2.2621672,0.0075013638,-0.00400877,-0.0005161762,0.0,1.41627e+07,3.190996e+07
2025-04-11,002247,2.28,2.27,2.2749846,2.2789998,0.0022045374,-0.0017618537,-0.00131917,-0.004385948,8.4868e+06,1.930734e+07
2025-04-14,002247,2.38,2.38,2.3486145,2.3468335,0.013363481,0.00075888634,0.014881253,0.0,1.18087e+07,2.7734084e+07
2025-04-15,002247,2.38,2.41,2.3802304,2.3756666,-9.673834e-05,0.0019210577,0.003745377,0.012605071,6.8248e+06,1.6244596e+07
2025-04-16,002247,2.35,2.36,2.379545,2.3713338,-0.012416244,0.0034626722,-0.005490899,0.004255295,6.7145e+06,1.5977454e+07
2025-04-17,002247,2.38,2.4,2.375337,2.3793333,0.0019631386,-0.0016795993,-0.00139606,0.008403301,6.379012e+06,1.5152303e+07
2025-04-18,002247,2.43,2.44,2.4042287,2.3966665,0.01071918,0.0031552315,0.017029643,0.004115224,1.14363e+07,2.749548e+07
2025-04-21,002247,2.47,2.44,2.4470475,2.451167,0.0093797445,-0.0016806722,0.0060184,-0.012145758,7.371002e+06,1.8037192e+07
2025-04-22,002247,2.46,2.46,2.4575403,2.4530003,0.0010008812,0.0018507242,0.0047023296,0.0,6.0396e+06,1.484256e+07
2025-04-23,002247,2.48,2.49,2.4942923,2.4888332,-0.0057299733,0.002193451,-0.0013430715,0.004032254,7.0878e+06,1.7679044e+07
2025-04-24,002247,2.49,2.46,2.4954534,2.4938338,-0.002185285,0.0006494522,-0.0008863807,-0.012048185,7.0364e+06,1.7559008e+07
2025-04-25,002247,2.48,2.49,2.4674137,2.4658332,0.0051010847,0.00064098835,0.0063830614,0.004032254,6.2932e+06,1.5527927e+07
2025-04-28,002247,2.39,2.44,2.413325,2.4058332,-0.009665072,0.003113985,-0.0034371018,0.020920515,9.8157e+06,2.3688476e+07
2025-04-29,002247,2.5,2.51,2.4787207,2.4818335,0.008584857,-0.0012542605,0.006076336,0.0039999485,6.9713e+06,1.7279906e+07
2025-04-30,002247,2.52,2.54,2.5098104,2.5101666,0.004059911,-0.00014191866,0.0037760735,0.007936478,6.7802e+06,1.7017016e+07
2025-05-06,002247,2.56,2.59,2.5692897,2.5688334,-0.0036156774,0.00017762184,-0.0032604337,0.01171875,5.8276e+06,1.4972792e+07
2025-05-07,002247,2.58,2.58,2.6090095,2.6071668,-0.011119008,0.0007067919,-0.009705424,0.0,8.9541e+06,2.3361332e+07
2025-05-08,002247,2.63,2.64,2.607648,2.6041667,0.008571744,0.001336813,0.01124537,0.0038022995,8.9128e+06,2.3241444e+07
2025-05-09,002247,2.62,2.6,2.6192236,2.6198328,0.0002963543,-0.00023251772,-0.00016868114,-0.007633567,6.9716e+06,1.826018e+07
2025-05-12,002247,2.59,2.6,2.5962627,2.5901666,-0.0024122,0.002353549,0.002294898,0.0038609505,5.7868e+06,1.5024053e+07
2025-05-13,002247,2.61,2.59,2.629406,2.6270003,-0.007380426,0.00091576576,-0.0055488944,-0.0076628327,8.4457e+06,2.2207174e+07
2025-05-14,002247,2.59,2.61,2.5920439,2.5899997,-0.00078856945,0.0007892847,0.00078999996,0.00772202,4.2184e+06,1.0934278e+07
2025-05-15,002247,2.62,2.61,2.5951815,2.5924995,0.009563327,0.0010344982,0.011632323,-0.0038167834,6.262e+06,1.6251026e+07
2025-05-16,002247,2.61,2.61,2.621441,2.618833,-0.0043643713,0.0009957552,-0.002372861,0.0,6.2641e+06,1.6420968e+07
2025-05-19,002247,2.64,2.65,2.6265063,2.6258337,0.0051375628,0.00025618076,0.0056499243,0.0037878752,9.3078e+06,2.4446996e+07
2025-05-20,002247,2.67,2.71,2.652021,2.6481662,0.0067794323,0.0014556646,0.009690762,0.01498127,5.739e+06,1.5219948e+07
2025-05-21,002247,2.67,2.68,2.6816375,2.6769998,-0.004339695,0.0017324686,-0.00087475777,0.0037453175,6.1846e+06,1.6584856e+07
2025-05-22,002247,2.67,2.64,2.6893873,2.6914995,-0.007208824,-0.00078475475,-0.008778334,-0.011235952,6.355e+06,1.7091056e+07
2025-05-23,002247,2.63,2.58,2.6200824,2.6198335,0.0037852526,9.5009804e-05,0.003975272,-0.019011497,5.7517e+06,1.5069928e+07
2025-05-26,002247,2.63,2.61,2.6133573,2.6204998,0.0063683987,-0.0027256608,0.00091707706,-0.0076046586,5.257838e+06,1.3740609e+07
2025-05-27,002247,2.63,2.62,2.5984564,2.6033335,0.01213944,-0.001873374,0.008392692,-0.003802359,5.5069e+06,1.4309439e+07
2025-05-28,002247,2.6,2.6,2.6182156,2.6150002,-0.0069572926,0.0012295246,-0.0044982433,0.0,6.9044e+06,1.8077208e+07
2025-05-29,002247,2.65,2.66,2.6400018,2.638833,0.0037872791,0.0004428625,0.004673004,0.00377357,9.7629e+06,2.5774074e+07
2025-05-30,002247,2.63,2.61,2.636465,2.6365004,-0.002452135,-1.3411045e-05,-0.0024789572,-0.0076046586,5.554e+06,1.4642927e+07
2025-06-03,002247,2.65,2.67,2.6518037,2.6561666,-0.0006801486,-0.0016425252,-0.003965199,0.00754714,7.9727e+06,2.1142036e+07
2025-06-04,002247,2.67,2.69,2.6748407,2.6791663,-0.0018096566,-0.0016145706,-0.005038798,0.007490635,6.559e+06,1.754428e+07
2025-06-05,002247,2.67,2.68,2.6896207,2.6884997,-0.007294953,0.0004169941,-0.0064609647,0.0037453175,4.4702e+06,1.2023143e+07
2025-06-06,002247,2.69,2.69,2.6881104,2.686167,0.0007029772,0.0007234812,0.0021499395,0.0,5.139499e+06,1.3815541e+07
2025-06-09,002247,2.71,2.73,2.7056892,2.7068336,0.0015932322,-0.00042277575,0.00074768066,0.0073800087,4.5894e+06,1.241749e+07
2025-06-10,002247,2.67,2.68,2.6924157,2.6846666,-0.008325458,0.0028864145,-0.0025526285,0.0037453175,6.119e+06,1.6474892e+07
2025-06-11,002247,2.71,2.72,2.70086,2.702167,0.0033841133,-0.0004836917,0.00241673,0.0036900043,5.767799e+06,1.5578018e+07
2025-06-12,002247,2.69,2.71,2.7059317,2.7023337,-0.005887687,0.0013314486,-0.00322479,0.007434964,3.6443e+06,9.861227e+06
2025-06-13,002247,2.63,2.61,2.65414,2.653667,-0.009095192,0.00017821789,-0.008738756,-0.0076046586,8.9591e+06,2.3778706e+07
2025-06-16,002247,2.64,2.62,2.6368628,2.639667,0.0011898279,-0.0010623336,-0.00093483925,-0.0075758696,8.6613e+06,2.283866e+07
2025-06-17,002247,2.63,2.62,2.6505022,2.6403334,-0.007735193,0.0038512945,-3.260374e-05,-0.003802359,9.8261e+06,2.60441e+07
2025-06-18,002247,2.62,2.61,2.6245973,2.6204998,-0.0017516613,0.0015636683,0.0013756752,-0.0038167834,6.2977e+06,1.6528926e+07
2025-06-19,002247,2.55,2.49,2.5724287,2.5681665,-0.008718908,0.0016596317,-0.0053996444,-0.02352941,6.2385e+06,1.6048097e+07
2025-06-20,002247,2.48,2.48,2.5046399,2.4973333,-0.009837687,0.0029257536,-0.00398618,0.0,6.7975e+06,1.702529e+07
2025-06-23,002247,2.51,2.53,2.4951422,2.4943335,0.005954623,0.00032424927,0.0066031218,0.007968068,6.3476e+06,1.5838165e+07
2025-06-24,002247,2.62,2.64,2.588542,2.5943332,0.012152791,-0.0022322536,0.007688284,0.007633686,7.1553e+06,1.8521794e+07
2025-06-25,002247,2.66,2.65,2.6646738,2.6656668,-0.0017539263,-0.00037252903,-0.0024989843,-0.0037593842,6.4046e+06,1.706617e+07
2025-06-26,002247,2.69,2.67,2.6878686,2.6851668,0.0007929802,0.0010061264,0.002805233,-0.007434964,1.1906832e+07,3.2004e+07
2025-06-27,002247,2.67,2.68,2.691934,2.6925,-0.008148074,-0.00021022558,-0.008568525,0.0037453175,6.2318e+06,1.6775595e+07
2025-06-30,002247,2.7,2.69,2.6945922,2.6933334,0.0020068884,0.00046741962,0.0029417276,-0.0037037134,7.2332e+06,1.9490524e+07
2025-07-01,002247,2.69,2.69,2.712196,2.7038336,-0.008183777,0.003092885,-0.0019980073,0.0,5.8951e+06,1.5988667e+07
2025-07-02,002247,2.69,2.7,2.690856,2.6940002,-0.00031811,-0.0011671185,-0.002652347,0.0037174225,6.459399e+06,1.7381312e+07
2025-07-03,002247,2.71,2.71,2.7211604,2.7165,-0.004101336,0.0017155409,-0.00067025423,0.0,6.9981e+06,1.9042952e+07
2025-07-04,002247,2.69,2.69,2.704362,2.7023337,-0.0053106546,0.0007505417,-0.0038095713,0.0,6.3509e+06,1.7175132e+07
2025-07-07,002247,2.71,2.71,2.6983542,2.7023337,0.004315853,-0.0014725924,0.0013706684,0.0,7.8112e+06,2.1077384e+07
2025-07-08,002247,2.73,2.75,2.7291565,2.7291665,0.0003091097,-3.695488e-06,0.0003017187,0.007326007,5.8275e+06,1.590416e+07
2025-07-09,002247,2.77,2.76,2.767118,2.7658336,0.0010415316,0.00046432018,0.001970172,-0.0036101341,5.4031e+06,1.4951015e+07
2025-07-10,002247,2.78,2.81,2.7673614,2.7703333,0.004567027,-0.0010727644,0.0024214983,0.010791302,5.816053e+06,1.6095121e+07
2025-07-11,002247,2.77,2.78,2.767345,2.7658334,0.00095939636,0.0005465746,0.0020525455,0.0036101341,1.08699e+07,3.0080762e+07
2025-07-14,002247,2.78,2.8,2.7878635,2.7881663,-0.002820611,-0.00010859966,-0.0030378103,0.0071942806,7.0179e+06,1.9564948e+07
2025-07-15,002247,2.69,2.7,2.733118,2.7343333,-0.015776098,-0.00044441223,-0.016664922,0.0037174225,1.31153e+07,3.5845664e+07
2025-07-16,002247,2.73,2.74,2.716971,2.7193332,0.004795432,-0.0008686781,0.003058076,0.0036629438,7.3752e+06,2.0038204e+07
2025-07-17,002247,2.73,2.74,2.7311554,2.7316663,-0.00042301416,-0.00018703938,-0.0007970929,0.0036629438,4.6845e+06,1.2794098e+07
2025-07-18,002247,2.72,2.75,2.7200634,2.7198334,-2.3305416e-05,8.4638596e-05,0.00014597178,0.011029363,5.0965e+06,1.3862803e+07
2025-07-21,002247,2.8,2.81,2.7940671,2.7974997,0.0021233559,-0.0012270212,-0.00033068657,0.003571391,8.9384e+06,2.497449e+07
2025-07-22,002247,2.78,2.79,2.7777686,2.7751667,0.0008033514,0.00093758106,0.0026785135,0.0035971403,7.744e+06,2.151104e+07
2025-07-23,002247,2.76,2.74,2.7775464,2.7753332,-0.006317258,0.00079751015,-0.0047222376,-0.007246375,5.5942e+06,1.553815e+07
2025-07-24,002247,2.77,2.75,2.758824,2.7606668,0.00405097,-0.0006675124,0.0027159452,-0.0072202086,6.7455e+06,1.8609648e+07
2025-07-25,002247,2.76,2.78,2.7638083,2.764,-0.0013778806,-6.937981e-05,-0.0015166402,0.007246375,6.3327e+06,1.7502368e+07
2025-07-28,002247,2.76,2.79,2.7611356,2.763833,-0.00041127205,-0.00097596645,-0.002363205,0.010869503,5.6602e+06,1.562858e+07
2025-07-29,002247,2.71,2.73,2.750259,2.740167,-0.014638245,0.003682971,-0.007272303,0.0073800087,8.848e+06,2.4334292e+07
2025-07-30,002247,2.73,2.75,2.7179818,2.7176664,0.004421711,0.00011610985,0.0046539307,0.007326007,5.4522e+06,1.4818981e+07
2025-07-31,002247,2.71,2.67,2.7541766,2.7425003,-0.016039848,0.00425756,-0.007524729,-0.014760137,1.04427e+07,2.876104e+07
2025-08-01,002247,2.71,2.71,2.6966555,2.696667,0.004948497,-4.23193e-06,0.004940033,0.0,7.596e+06,2.0483796e+07
2025-08-04,002247,2.74,2.74,2.723341,2.731,0.0061171055,-0.0028044581,0.0005081892,0.0,8.9623e+06,2.44074e+07
2025-08-05,002247,2.76,2.79,2.774366,2.7721665,-0.005178094,0.0007933378,-0.0035914183,0.010869503,5.836e+06,1.61912e+07
2025-08-06,002247,2.77,2.82,2.7867692,2.7816665,-0.0060174465,0.0018343925,-0.0023486614,0.018050551,6.3823e+06,1.7785996e+07
2025-08-07,002247,2.8,2.79,2.8033822,2.8016665,-0.0012064576,0.0006123781,1.8298626e-05,-0.0035714507,6.1038e+06,1.7111284e+07
2025-08-08,002247,2.78,2.82,2.789142,2.7865,-0.0032776594,0.0009480715,-0.0013815165,0.014388442,7.1513e+06,1.994599e+07
2025-08-11,002247,2.84,2.84,2.8224363,2.8244998,0.006222844,-0.00073057413,0.004761696,0.0,7.583057e+06,2.1402696e+07
2025-08-12,002247,2.83,2.83,2.841983,2.8401666,-0.004216492,0.00063955784,-0.0029373765,0.0,5.6037e+06,1.592562e+07
2025-08-13,002247,2.81,2.81,2.827987,2.8233335,-0.006360352,0.0016481876,-0.0030639768,0.0,5.0078e+06,1.4161993e+07
2025-08-14,002247,2.77,2.72,2.7831178,2.7828336,-0.0047133565,0.00010216236,-0.004509032,-0.018050551,7.7942e+06,2.1692176e+07
2025-08-15,002247,2.73,2.72,2.7343364,2.7341661,-0.0015859008,6.222725e-05,-0.0014614463,-0.0036630034,6.4736e+06,1.7701e+07
2025-08-18,002247,2.74,2.75,2.7594986,2.7523336,-0.0070660114,0.0026031733,-0.0018596649,0.0036495924,1.5726499e+07,4.3397252e+07
2025-08-19,002247,2.76,2.78,2.736881,2.7448335,0.00844717,-0.0028972626,0.002652645,0.007246375,1.20938e+07,3.3099292e+07
2025-08-20,002247,2.79,2.82,2.7830443,2.7871664,0.002499342,-0.0014789104,-0.00045847893,0.010752678,7.0829e+06,1.9712024e+07
2025-08-21,002247,2.92,2.89,2.9040368,2.899,0.0054969788,0.0017374754,0.00897193,-0.010273933,1.778218e+07,5.1640104e+07
2025-08-22,002247,2.8,2.82,2.848576,2.8405,-0.01705277,0.0028431416,-0.011366487,0.0071429014,1.69435e+07,4.826485e+07
2025-08-25,002247,2.87,2.84,2.8542578,2.8548331,0.005515337,-0.0002015233,0.0051122904,-0.010452926,1.368858e+07,3.9070736e+07
2025-08-26,002247,2.85,2.9,2.8392327,2.8465004,0.003792286,-0.0025532246,-0.0013141632,0.017543912,8.0958e+06,2.298586e+07
2025-08-27,002247,2.86,2.78,2.884191,2.8818333,-0.008387506,0.00081813335,-0.0067512393,-0.027971983,1.11983e+07,3.2298036e+07
2025-08-28,002247,2.77,2.76,2.7943935,2.7911668,-0.008729458,0.0011560917,-0.0064172745,-0.0036101341,1.2469e+07,3.4843292e+07
2025-08-29,002247,2.76,2.73,2.7528434,2.7521663,0.0025997162,0.00024604797,0.0030918121,-0.010869563,7.9445e+06,2.1869964e+07
2025-09-01,002247,2.79,2.77,2.7542975,2.7559996,0.0129624605,-0.0006175637,0.011727333,-0.007168472,1.15407e+07,3.178652e+07
2025-09-02,002247,2.74,2.76,2.743601,2.746167,-0.0013125539,-0.0009343624,-0.0031812787,0.007299304,9.162752e+06,2.5138936e+07
2025-09-03,002247,2.73,2.69,2.7508087,2.7499998,-0.0075645447,0.00029420853,-0.0069761276,-0.014652014,8.8249e+06,2.4275612e+07
2025-09-04,002247,2.75,2.73,2.7335272,2.7368333,0.006026268,-0.0012080073,0.0036102533,-0.0072727203,1.09859e+07,3.0030256e+07
2025-09-05,002247,2.74,2.77,2.7029524,2.7095,0.0137063265,-0.002416551,0.008873224,0.010948896,1.12154e+07,3.0314692e+07
2025-09-08,002247,2.81,2.81,2.8156796,2.8178332,-0.0020171404,-0.00076431036,-0.003545761,0.0,1.25294e+07,3.5278776e+07
2025-09-09,002247,2.83,2.83,2.8279755,2.8305,0.0007158518,-0.0008918643,-0.0010678768,0.0,8.0043e+06,2.2635964e+07
2025-09-10,002247,2.85,2.87,2.8630946,2.8618338,-0.0045735836,0.00044059753,-0.0036923885,0.0070174932,8.3247e+06,2.3834404e+07
2025-09-11,002247,2.87,2.91,2.852586,2.8531663,0.0061045885,-0.00020337105,0.0056978464,0.013937354,8.0531e+06,2.297216e+07
2025-09-12,002247,2.93,2.92,2.9085948,2.9114997,0.0073592663,-0.0009977221,0.005363822,-0.003412962,9.2338e+06,2.6857384e+07
2025-09-15,002247,2.87,2.94,2.8939967,2.892,-0.00829196,0.0006904602,-0.0069110394,0.02439034,9.5639e+06,2.7677896e+07
2025-09-16,002247,2.95,2.97,2.9521973,2.9576666,-0.0007442832,-0.0018491745,-0.004442632,0.0067796707,1.38848e+07,4.0990668e+07
2025-09-17,002247,3.01,2.97,2.97227,2.9736664,0.012694001,-0.0004695654,0.01175487,-0.013289034,1.29946e+07,3.862346e+07
2025-09-18,002247,2.96,2.94,2.973982,2.973167,-0.0047014356,0.00027418137,-0.004153073,-0.006756723,7.1514e+06,2.1268136e+07
2025-09-19,002247,2.85,2.88,2.887711,2.8805008,-0.013059199,0.0025031567,-0.0080528855,0.010526419,1.3312e+07,3.844121e+07
2025-09-22,002247,2.81,2.81,2.820005,2.8121667,-0.0035478473,0.0027872324,0.0020266175,0.0,9.2519e+06,2.6090404e+07
2025-09-23,002247,2.61,2.67,2.6863258,2.6833336,-0.02841276,0.0011150837,-0.026182592,0.022988558,2.44988e+07,6.581176e+07
2025-09-24,002247,2.7,2.72,2.6683745,2.6735,0.011852026,-0.0019171834,0.008017659,0.007407427,1.24606e+07,3.3249548e+07
2025-09-25,002247,2.78,2.72,2.751469,2.7546666,0.01036942,-0.0011608005,0.008047819,-0.021582723,1.19858e+07,3.2978556e+07
2025-09-26,002247,2.77,2.74,2.7335863,2.729,0.013320804,0.0016804934,0.01668179,-0.010830343,1.207e+07,3.2994388e+07
2025-09-29,002247,2.76,2.81,2.7285044,2.737333,0.011543155,-0.003225267,0.005092621,0.018115878,1.10979e+07,3.0280668e+07
2025-09-30,002247,2.79,2.79,2.8044093,2.8026664,-0.005138099,0.00062179565,-0.003894508,0.0,7.5959e+06,2.1302012e+07
2025-10-09,002247,2.76,2.76,2.7821362,2.7803333,-0.007956564,0.00064849854,-0.0066595674,0.0,9.434e+06,2.6246672e+07
2025-10-10,002247,2.82,2.81,2.827405,2.8268335,-0.002619028,0.00020217896,-0.0022146702,-0.0035461187,1.3232e+07,3.7412224e+07
2025-10-13,002247,2.78,2.79,2.725954,2.7676663,0.019826412,-0.015071273,-0.0103161335,0.0035971403,1.20685e+07,3.2898176e+07
2025-10-14,002247,2.83,2.79,2.8345764,2.8375003,-0.001614511,-0.0010304451,-0.0036754012,-0.014134288,9.1399e+06,2.5907744e+07
2025-10-15,002247,2.82,2.8,2.8178344,2.822,0.0007685423,-0.001476109,-0.0021836758,-0.007092178,7.486031e+06,2.1094396e+07
2025-10-16,002247,2.77,2.76,2.7843726,2.7845,-0.0051618814,-4.5716763e-05,-0.005253315,-0.0036101341,6.0643e+06,1.688527e+07
2025-10-17,002247,2.79,2.73,2.7676587,2.7663333,0.008072257,0.00047910213,0.009030461,-0.021505356,8.6235e+06,2.3866904e+07
2025-10-20,002247,2.77,2.8,2.7887816,2.7843337,-0.006734729,0.0015975237,-0.0035396814,0.010830283,1.2715451e+07,3.5460616e+07
2025-10-21,002247,2.86,2.9,2.8308103,2.8358335,0.010311365,-0.0017713308,0.0067687035,0.013986111,1.0432951e+07,2.9533704e+07
2025-10-22,002247,2.95,2.94,2.934443,2.9423335,0.0053014755,-0.0026817322,-6.198883e-05,-0.0033898354,9.3605e+06,2.7467854e+07
2025-10-23,002247,2.93,2.94,2.9260008,2.928333,0.0013667345,-0.00079643726,-0.00022614002,0.003412962,7.8857e+06,2.3073564e+07
2025-10-24,002247,2.94,2.94,2.95893,2.9533331,-0.0063975453,0.0018950701,-0.0026074052,0.0,8.8603e+06,2.6217008e+07
2025-10-27,002247,2.92,2.93,2.918188,2.9161668,0.0006209612,0.0006930828,0.0020071268,0.0034246445,8.5853e+06,2.505352e+07
2025-10-28,002247,2.95,2.97,2.9650543,2.9641664,-0.005077243,0.00029957294,-0.004478097,0.0067796707,1.1268e+07,3.3410232e+07
2025-10-29,002247,2.97,2.97,2.9332922,2.9343336,0.012514234,-0.00035488605,0.0118044615,0.0,1.14768e+07,3.366481e+07
2025-10-30,002247,2.94,2.92,2.9487362,2.9518332,-0.0029626489,-0.0010492206,-0.00506109,-0.0068027377,7.243e+06,2.1357696e+07
2025-10-31,002247,2.97,2.98,2.9467845,2.9501665,0.0078783035,-0.0011463761,0.0055855513,0.0033669472,1.28479e+07,3.785999e+07
2025-11-03,002247,3.04,3.15,3.02414,3.0291665,0.0052444935,-0.0016593933,0.0019257069,0.03618431,1.75214e+07,5.2987164e+07
2025-11-04,002247,3.17,3.17,3.1752918,3.1626666,-0.0016665459,0.0039919615,0.006317377,0.0,2.87254e+07,9.121153e+07
2025-11-05,002247,3.17,3.18,3.1701436,3.1791666,-4.529953e-05,-0.0028381348,-0.005721569,0.0031545162,1.49823e+07,4.7496044e+07
2025-11-06,002247,3.11,3.13,3.1244247,3.1221666,-0.004616797,0.00072324276,-0.0031703115,0.0064309835,1.10731e+07,3.4597068e+07
2025-11-07,002247,3.12,3.13,3.11653,3.1190002,0.0011134148,-0.0007920265,-0.00047063828,0.0032051802,7.603e+06,2.3694978e+07
2025-11-10,002247,3.17,3.14,3.1491525,3.1518333,0.0066200495,-0.0008505583,0.004918933,-0.0094637275,8.5199e+06,2.6830464e+07
2025-11-11,002247,3.15,3.15,3.1478834,3.1511667,0.0006724596,-0.0010419488,-0.001411438,0.0,6.3209e+06,1.9897456e+07
2025-11-12,002247,3.16,3.17,3.162016,3.1618333,-0.0006375313,5.7816505e-05,-0.00052189827,0.0031645298,9.1529e+06,2.8941616e+07
2025-11-13,002247,3.16,3.21,3.1644917,3.1678336,-0.0014193654,-0.0010549426,-0.0035292506,0.015822768,8.2037e+06,2.596054e+07
2025-11-14,002247,3.2,3.2,3.214902,3.2088332,-0.0046352744,0.0018912554,-0.00085276365,0.0,9.039e+06,2.9059498e+07
2025-11-17,002247,3.2,3.21,3.1960912,3.1945,0.0012229681,0.0004980564,0.002219081,0.0031249523,8.7107e+06,2.7840192e+07
2025-11-18,002247,3.15,3.18,3.1799345,3.1624997,-0.00941354,0.005512953,0.0016123652,0.009523749,1.10112e+07,3.5014896e+07
2025-11-19,002247,3.09,3.09,3.1369429,3.135167,-0.014964581,0.00056648254,-0.013831615,0.0,9.1722e+06,2.8772668e+07
2025-11-20,002247,3.03,3.08,3.0780072,3.0769994,-0.015596867,0.00032746792,-0.014941931,0.016501665,8.465e+06,2.6055332e+07
2025-11-21,002247,2.95,2.9,3.0272353,3.024,-0.02551347,0.0010699034,-0.023373663,-0.016949117,1.18965e+07,3.6013504e+07
2025-11-24,002247,2.93,2.92,2.9137454,2.9136662,0.005578637,2.7179718e-05,0.0056329966,-0.003412962,1.5113399e+07,4.4036596e+07
2025-11-25,002247,3.02,3.03,2.9859803,2.9921663,0.011393189,-0.002067387,0.007258415,0.0033112764,1.21943e+07,3.641194e+07
2025-11-26,002247,3.08,3.01,3.085407,3.0918336,-0.0017524958,-0.0020785928,-0.0059096813,-0.022727251,9.2982e+06,2.8688732e+07
2025-11-27,002247,2.99,3.01,2.9956472,2.9985,-0.0018851161,-0.00095146894,-0.003788054,0.0066889524,8.0676e+06,2.4167684e+07
2025-11-28,002247,3.03,3.06,3.008938,3.0121665,0.006999731,-0.0010718107,0.0048561096,0.009900928,7.1102e+06,2.1394152e+07
2025-12-01,002247,3.08,3.05,3.090174,3.0909998,-0.0032923818,-0.00026720762,-0.003826797,-0.009740233,8.7348e+06,2.6992052e+07
2025-12-02,002247,3.05,3.07,3.0385168,3.0383332,0.003779173,6.043911e-05,0.0039000511,0.0065573454,7.6943e+06,2.337926e+07
2025-12-03,002247,3.01,3.01,3.040947,3.0355,-0.010176778,0.0017944574,-0.006587863,0.0,7.5153e+06,2.2853628e+07
2025-12-04,002247,2.96,2.94,2.9768407,2.9680007,-0.0056572556,0.002978444,0.00029963255,-0.006756723,7.3819e+06,2.197474e+07
2025-12-05,002247,2.94,2.97,2.937608,2.9430003,0.00081431866,-0.0018322468,-0.002850175,0.010204077,6.0421e+06,1.7749322e+07
2025-12-08,002247,2.99,3.04,3.003311,2.9988334,-0.004432082,0.0014930964,-0.0014458895,0.01672244,6.8091e+06,2.0449844e+07
2025-12-09,002247,3.0,2.96,2.9959502,2.9901664,0.0013517141,0.0019342899,0.005220294,-0.013333321,1.0463e+07,3.1346628e+07
2025-12-10,002247,2.95,2.93,2.9526522,2.9536664,-0.000898242,-0.00034338236,-0.0015850067,-0.0067796707,7.059604e+06,2.0844556e+07
2025-12-11,002247,2.9,2.84,2.8855698,2.879833,0.0050008297,0.0019921064,0.008985043,-0.020689726,1.07085e+07,3.0900124e+07
2025-12-12,002247,2.83,2.75,2.8384695,2.8406668,-0.0029838681,-0.0007734895,-0.004530847,-0.028268516,8.6504e+06,2.4553896e+07
2025-12-15,002247,2.8,2.81,2.7621827,2.773167,0.013691068,-0.0039609075,0.005769253,0.003571391,1.19655e+07,3.3050896e+07
2025-12-16,002247,2.77,2.75,2.7781336,2.7733335,-0.0029277205,0.0017307997,0.0005338788,-0.0072202086,9.3129e+06,2.587248e+07
2025-12-17,002247,2.72,2.75,2.7187407,2.7201664,0.0004632473,-0.00052416325,-0.0005850792,0.011029363,9.5689e+06,2.6015358e+07
2025-12-18,002247,2.83,2.83,2.7863388,2.798,0.015669703,-0.0041677356,0.0073342323,0.0,1.1189884e+07,3.1178808e+07
2025-12-19,002247,2.83,2.89,2.8216522,2.8286664,0.002958417,-0.002479732,-0.0020010471,0.021201491,6.572684e+06,1.8545828e+07
2025-12-22,002247,2.9,2.91,2.917923,2.9146662,-0.0061423182,0.0011173487,-0.003907621,0.003448248,9.948e+06,2.9027498e+07
2025-12-23,002247,2.86,2.88,2.8768342,2.874,-0.005851686,0.0009860992,-0.0038794875,0.0069930553,6.8014e+06,1.95665e+07
2025-12-24,002247,2.87,2.89,2.8803844,2.879,-0.0036052465,0.00048089027,-0.002643466,0.0069687366,4.6528e+06,1.3401853e+07
2025-12-25,002247,2.89,2.93,2.8922193,2.891,-0.0007672906,0.00042176247,7.623434e-05,0.013840795,4.9183e+06,1.4224802e+07
2025-12-26,002247,2.92,2.9,2.9191902,2.9179997,0.00027740002,0.0004079342,0.0010932684,-0.006849289,4.7078e+06,1.3742964e+07
2025-12-29,002247,2.86,2.88,2.8791082,2.8848333,-0.006636858,-0.0019845963,-0.0106060505,0.0069930553,9.28e+06,2.6718124e+07
2025-12-30,002247,2.85,2.84,2.833319,2.8320003,0.005887389,0.00046563148,0.006818652,-0.0035087466,8.0958e+06,2.2937984e+07
2025-12-31,002247,2.8,2.82,2.79381,2.7883334,0.0022156239,0.0019640923,0.0061438084,0.0071429014,8.1054e+06,2.2644946e+07
2025-01-14,002494,3.83,3.88,3.7095308,3.768667,0.03247559,-0.015691519,0.0010925531,0.013054848,2.1389864e+07,7.934636e+07
2025-01-15,002494,3.76,3.84,3.7741654,3.7589996,-0.0037532449,0.004034519,0.0043157935,0.021276593,2.1785262e+07,8.222118e+07
2025-01-16,002494,3.91,3.86,3.9222424,3.9188335,-0.0031212568,0.0008698702,-0.0013815165,-0.012787759,1.7156702e+07,6.7292744e+07
2025-01-17,002494,3.79,3.8,3.7893345,3.7836668,0.00017559528,0.0014979839,0.0031715631,0.0026385784,8.8893e+06,3.3684532e+07
2025-01-20,002494,3.87,3.9,3.8233266,3.8238332,0.012207508,-0.00013250113,0.011942506,0.0077519417,9.10704e+06,3.4819188e+07
2025-01-21,002494,3.91,3.93,3.9518073,3.9465,-0.010579228,0.0013448,-0.007889628,0.005115032,9.5773e+06,3.7847644e+07
2025-01-22,002494,3.81,3.81,3.8356774,3.8390002,-0.0066943765,-0.00086551905,-0.008425415,0.0,5.58574e+06,2.1425096e+07
2025-01-23,002494,3.85,3.75,3.8549027,3.8545003,-0.0012718439,0.00010442734,-0.0010629892,-0.025973976,6.093965e+06,2.3491642e+07
2025-01-24,002494,3.85,4.04,3.8596032,3.8515,-0.0024881363,0.0021039248,0.0017197132,0.04935062,7.8449e+06,3.02782e+07
2025-01-27,002494,4.13,4.05,4.0800576,4.0896664,0.012240648,-0.002349496,0.0075416565,-0.019370437,1.15652e+07,4.7186684e+07
2025-02-05,002494,4.06,4.04,4.0460286,4.054,0.0034531355,-0.0019662976,-0.00047945976,-0.0049260855,7.2847e+06,2.9474106e+07
2025-02-06,002494,4.02,4.07,4.0219617,4.0205,-0.0004877448,0.00036346912,0.00023919344,0.01243782,5.028e+06,2.0222424e+07
2025-02-07,002494,4.12,4.16,4.1088657,4.112833,0.0027097464,-0.00096458197,0.0007805824,0.009708762,5.7294e+06,2.3541336e+07
2025-02-10,002494,4.19,4.25,4.1782956,4.18,0.002801299,-0.00040769577,0.0019859076,0.0143197775,5.0675e+06,2.1173512e+07
2025-02-11,002494,4.23,4.27,4.22085,4.229,0.002167821,-0.001927197,-0.001686573,0.009456277,5.799624e+06,2.4479342e+07
2025-02-12,002494,4.23,4.25,4.245991,4.248833,-0.003766179,-0.0006688833,-0.0051039457,0.004728079,4.1203e+06,1.7494758e+07
2025-02-13,002494,4.23,4.23,4.236906,4.2365,-0.0016299486,9.584427e-05,-0.0014382601,0.0,2.6689e+06,1.1307879e+07
2025-02-14,002494,4.23,4.18,4.24074,4.2398334,-0.0025325418,0.00021374226,-0.0021050572,-0.011820376,3.2161e+06,1.3638644e+07
2025-02-17,002494,4.27,4.27,4.209339,4.2098336,0.014410973,-0.000117480755,0.014176011,0.0,4.0252e+06,1.6943432e+07
2025-02-18,002494,4.23,4.12,4.238023,4.2355,-0.0018930435,0.0005956888,-0.0007016659,-0.026004732,3.2238e+06,1.3662538e+07
2025-02-19,002494,4.15,4.19,4.1456313,4.1558332,0.0010538101,-0.0024548173,-0.0038558245,0.009638548,6.1152e+06,2.5351364e+07
2025-02-20,002494,4.21,4.23,4.205916,4.205,0.0009710789,0.00021779537,0.0014066696,0.0047506094,3.497176e+06,1.4708828e+07
2025-02-21,002494,4.16,4.16,4.154929,4.1461663,0.0012203455,0.0021134615,0.0054472685,0.0,4.4464e+06,1.8474476e+07
2025-02-24,002494,4.26,4.28,4.199218,4.1988335,0.01447475,9.1552734e-05,0.014657855,0.0046948195,5.8044e+06,2.437394e+07
2025-02-25,002494,4.27,4.23,4.260218,4.263167,0.0022960901,-0.0006917119,0.0009126663,-0.009367645,4.0454e+06,1.7234286e+07
2025-02-26,002494,4.3,4.31,4.290167,4.288333,0.002292037,0.00042760372,0.0031472445,0.0023255348,3.99898e+06,1.7156292e+07
2025-02-27,002494,4.3,4.33,4.3359704,4.334,-0.008295774,0.00045466423,-0.007386446,0.0069767237,3.17968e+06,1.3786998e+07
2025-02-28,002494,4.27,4.22,4.2903724,4.2875,-0.004748404,0.0006699562,-0.0034084916,-0.0117096305,2.6679e+06,1.1446285e+07
2025-03-03,002494,4.3,4.22,4.294278,4.2936664,0.0013325214,0.0001424551,0.0016174316,-0.018604755,4.5265e+06,1.943805e+07
2025-03-04,002494,4.28,4.29,4.255709,4.2640004,0.00570786,-0.0019444823,0.0018188953,0.0023363829,3.067e+06,1.305226e+07
2025-03-05,002494,4.15,4.27,4.195161,4.1873336,-0.0107649565,0.0018693209,-0.0070263147,0.028915644,5.4053e+06,2.2676104e+07
2025-03-06,002494,4.29,4.35,4.2781606,4.2805004,0.0027674437,-0.0005466342,0.0016741753,0.0139859915,4.011808e+06,1.7163158e+07
2025-03-07,002494,4.35,4.3,4.348952,4.3465,0.00024104118,0.00056409836,0.0013692379,-0.01149416,2.7146e+06,1.1805665e+07
2025-03-10,002494,4.36,4.35,4.352098,4.3539996,0.0018156767,-0.00043678284,0.000942111,-0.0022936463,3.7105e+06,1.614846e+07
2025-03-11,002494,4.43,4.48,4.429286,4.407333,0.00016117096,0.004981041,0.010123253,0.011286736,7.157226e+06,3.17014e+07
2025-03-12,002494,4.5,4.45,4.4868393,4.489833,0.0029331446,-0.00066673756,0.0015996695,-0.01111114,3.7574e+06,1.685885e+07
2025-03-13,002494,4.39,4.41,4.408494,4.405,-0.004195094,0.0007930994,-0.0026088953,0.0045558214,3.4509e+06,1.5213272e+07
2025-03-14,002494,4.4,4.53,4.3947554,4.396833,0.0011934042,-0.00047254562,0.00024831295,0.029545426,2.3042e+06,1.0126395e+07
2025-03-17,002494,4.65,4.81,4.5985236,4.6003337,0.01119411,-0.00039345026,0.010407209,0.03440857,6.0965e+06,2.80349e+07
2025-03-18,002494,4.74,4.76,4.819225,4.805833,-0.016439378,0.0027866364,-0.010866106,0.004219532,1.10817e+07,5.3405204e+07
2025-03-19,002494,4.66,4.69,4.6786327,4.6591663,-0.003982544,0.004178047,0.0043735504,0.0064377785,6.6896e+06,3.129818e+07
2025-03-20,002494,4.67,4.66,4.6716104,4.669334,-0.00034469366,0.000487566,0.0006304383,-0.0021413565,3.2134e+06,1.5011752e+07
2025-03-21,002494,4.61,4.57,4.614664,4.616833,-0.0010106564,-0.0004698038,-0.001950264,-0.008676767,3.0868e+06,1.4244545e+07
2025-03-24,002494,4.48,4.21,4.516578,4.511667,-0.008098662,0.0010886192,-0.0059214234,-0.060267866,3.512e+06,1.5862222e+07
2025-03-25,002494,4.15,4.19,4.199942,4.196,-0.011891127,0.0009394884,-0.01001215,0.009638548,5.5586e+06,2.3345798e+07
2025-03-26,002494,4.3,4.32,4.268752,4.2783337,0.0073201656,-0.002239585,0.0028409958,0.004651189,5.563324e+06,2.374845e+07
2025-03-27,002494,4.22,4.26,4.233569,4.2271667,-0.0032051802,0.001514554,-0.00017607212,0.009478807,4.0554e+06,1.7168816e+07
2025-03-28,002494,4.16,4.16,4.2074895,4.207,-0.011286914,0.00011634827,-0.011054218,0.0,3.4781e+06,1.463407e+07
2025-03-31,002494,4.07,4.11,4.092712,4.096667,-0.0055493116,-0.00096541643,-0.0074801445,0.009827971,4.4063e+06,1.8033716e+07
2025-04-01,002494,4.25,4.22,4.2250605,4.223666,0.005902767,0.00033009052,0.006562948,-0.007058859,5.5855e+06,2.3599076e+07
2025-04-02,002494,4.24,4.23,4.2489834,4.2536674,-0.002114296,-0.0011011362,-0.0043165684,-0.0023584366,2.8771e+06,1.222475e+07
2025-04-03,002494,4.23,4.23,4.2138715,4.2246666,0.0038274527,-0.0025552511,-0.0012830496,0.0,3.1125e+06,1.3115675e+07
2025-04-07,002494,3.82,3.82,3.863132,3.8360002,-0.011165023,0.0070729256,0.0029808283,0.0,7.3862e+06,2.8533866e+07
2025-04-08,002494,3.69,3.66,3.6944504,3.6836665,-0.0012046099,0.0029275417,0.0046504736,-0.008130074,8.2127e+06,3.0341412e+07
2025-04-09,002494,3.64,3.75,3.481415,3.503333,0.045551896,-0.006256342,0.033039212,0.030219793,8.7088e+06,3.0318948e+07
2025-04-10,002494,4.13,4.13,4.0272894,4.021834,0.025503635,0.0013564825,0.0282166,0.0,1.4565e+07,5.865747e+07
2025-04-11,002494,4.04,4.0,4.049802,4.0473337,-0.0024203062,0.0006097555,-0.0012007952,-0.009900987,1.09342e+07,4.4281344e+07
2025-04-14,002494,4.09,4.09,4.0637174,4.075,0.0064677,-0.0027686954,0.0009303093,0.0,6.6325e+06,2.6952606e+07
2025-04-15,002494,4.13,4.19,4.110867,4.1098337,0.0046542883,0.0002514124,0.005157113,0.014527798,4.4213e+06,1.8175376e+07
2025-04-16,002494,4.19,4.24,4.2283807,4.230167,-0.009076893,-0.0004222393,-0.009921372,0.011933088,8.066e+06,3.410612e+07
2025-04-17,002494,4.32,4.37,4.306004,4.3173337,0.0032503605,-0.0026242137,-0.001998067,0.01157403,7.1101e+06,3.061612e+07
2025-04-18,002494,4.29,4.37,4.306285,4.294833,-0.0037816763,0.0026663542,0.0015510321,0.018648028,5.8721e+06,2.5286936e+07
2025-04-21,002494,4.43,4.42,4.3862877,4.398667,0.009965658,-0.002814293,0.0043370724,-0.0022572875,5.3647e+06,2.3531118e+07
2025-04-22,002494,4.46,4.5,4.4474916,4.4494996,0.0028125048,-0.00045126677,0.0019099712,0.008968592,3.95e+06,1.7567592e+07
2025-04-23,002494,4.53,4.48,4.5315366,4.534834,-0.00033903122,-0.00072711706,-0.0017932653,-0.011037588,3.373636e+06,1.5287755e+07
2025-04-24,002494,4.45,4.43,4.475913,4.4719996,-0.0057894588,0.0008751154,-0.004039228,-0.004494369,3.754e+06,1.6802578e+07
2025-04-25,002494,4.44,4.42,4.423636,4.4245,0.0036991835,-0.00019526482,0.0033086538,-0.004504502,3.0838e+06,1.3641609e+07
2025-04-28,002494,4.3,4.39,4.3106775,4.302833,-0.0024769306,0.0018230677,0.0011692047,0.020930171,4.2668e+06,1.8392798e+07
2025-04-29,002494,4.37,4.47,4.3162947,4.3505,0.01244247,-0.007862389,-0.0032823086,0.022883296,5.986524e+06,2.5839602e+07
2025-04-30,002494,4.47,4.46,4.4886565,4.4849997,-0.0041564107,0.00081539154,-0.0025256276,-0.0022370815,5.6095e+06,2.517912e+07
2025-05-06,002494,4.5,4.56,4.5356736,4.535834,-0.007865131,-3.5345554e-05,-0.007935822,0.013333321,6.6456e+06,3.0142272e+07
2025-05-07,002494,4.6,4.59,4.637006,4.628333,-0.007980585,0.0018738508,-0.0042328835,-0.002173841,6.188199e+06,2.8694716e+07
2025-05-08,002494,4.66,4.65,4.65326,4.6558337,0.0014483929,-0.0005527735,0.00034284592,-0.0021458864,5.6144e+06,2.6125264e+07
2025-05-09,002494,4.69,4.65,4.747868,4.7163334,-0.012188196,0.0066862106,0.0011842251,-0.008528769,8.33387e+06,3.9568116e+07
2025-05-12,002494,4.63,4.67,4.7556796,4.6545005,-0.026427269,0.021737933,0.017048597,0.008639336,1.08717e+07,5.1702324e+07
2025-05-13,002494,4.71,4.67,4.7248526,4.7255006,-0.0031434894,-0.00013715029,-0.00341779,-0.008492589,9.43367e+06,4.45727e+07
2025-05-14,002494,4.6,4.67,4.591922,4.5861664,0.0017591715,0.0012549162,0.004269004,0.015217423,5.4313e+06,2.4940106e+07
2025-05-15,002494,4.75,4.75,4.6847863,4.6700006,0.013920307,0.0031660795,0.020252466,0.0,4.58473e+06,2.147848e+07
2025-05-16,002494,4.68,4.71,4.699724,4.6930003,-0.004196942,0.0014327765,-0.001331389,0.0064103603,4.1996e+06,1.9736962e+07
2025-05-19,002494,4.75,4.78,4.72889,4.730167,0.0044640303,-0.00026994944,0.0039241314,0.0063158274,4.2817e+06,2.0247688e+07
2025-05-20,002494,4.79,4.85,4.7798862,4.777,0.0021158457,0.0006041527,0.003324151,0.012526035,3.95477e+06,1.890335e+07
2025-05-21,002494,4.82,4.83,4.8238473,4.8198333,-0.00079751015,0.0008327961,0.00086808205,0.0020745993,3.8122e+06,1.838947e+07
2025-05-22,002494,4.8,4.72,4.8243146,4.8208327,-0.00503999,0.0007222891,-0.0035954118,-0.01666677,2.9093e+06,1.4035379e+07
2025-05-23,002494,4.73,4.63,4.692194,4.701167,0.008057237,-0.0019087195,0.0042397976,-0.021141648,3.6654e+06,1.7198768e+07
2025-05-26,002494,4.65,4.63,4.658313,4.669,-0.0017845035,-0.0022889972,-0.006362498,-0.004301071,2.8305e+06,1.3185355e+07
2025-05-27,002494,4.72,4.74,4.6596003,4.655,0.012962341,0.000988245,0.014938831,0.004237294,3.5711e+06,1.6639898e+07
2025-05-28,002494,4.72,4.73,4.7183337,4.7125,0.00035309792,0.0012378693,0.0028288364,0.0021187067,2.9263e+06,1.380726e+07
2025-05-29,002494,4.78,4.81,4.7527,4.7575,0.005744219,-0.0010089874,0.003726244,0.0062761307,3.1615e+06,1.5025661e+07
2025-05-30,002494,4.74,4.72,4.767957,4.765333,-0.005863607,0.0005506277,-0.0047623515,-0.004219413,2.5828e+06,1.231468e+07
2025-06-03,002494,4.79,4.81,4.7595778,4.772667,0.0063917637,-0.002742529,0.00090670586,0.0041753054,3.7879e+06,1.8028804e+07
2025-06-04,002494,4.83,4.87,4.8295083,4.831666,0.00010180473,-0.000446558,-0.00079131126,0.008281589,2.5047e+06,1.2096469e+07
2025-06-05,002494,4.83,4.79,4.856575,4.8533325,-0.0054720044,0.00066804886,-0.0041359067,-0.008281589,2.6189e+06,1.2718884e+07
2025-06-06,002494,4.8,4.86,4.788414,4.7934995,0.002419591,-0.0010609031,0.0002977848,0.0124999285,1.978e+06,9.471483e+06
2025-06-09,002494,4.87,4.89,4.8599396,4.8648324,0.0020700693,-0.0010057688,5.853176e-05,0.00410676,2.8242e+06,1.3725441e+07
2025-06-10,002494,4.89,4.83,4.868325,4.871333,0.0044522285,-0.0006174445,0.0032173395,-0.012269914,3.3351e+06,1.6236351e+07
2025-06-11,002494,4.86,4.86,4.8628287,4.8594995,-0.0005816817,0.0006850958,0.00078850985,0.0,2.9601e+06,1.439446e+07
2025-06-12,002494,4.82,4.79,4.8551583,4.8510003,-0.007241428,0.0008571148,-0.0055271983,-0.006224096,2.4368e+06,1.183105e+07
2025-06-13,002494,4.66,4.65,4.718802,4.7105007,-0.012461245,0.0017622709,-0.008936703,-0.0021458864,4.6529e+06,2.1956114e+07
2025-06-16,002494,4.72,4.74,4.7376294,4.7363334,-0.0037211776,0.00027358532,-0.003174007,0.004237294,5.1782e+06,2.4532392e+07
2025-06-17,002494,4.73,4.71,4.7739334,4.7693334,-0.009202778,0.00096452236,-0.0072737336,-0.0042283535,3.2286e+06,1.5413121e+07
2025-06-18,002494,4.67,4.63,4.6668744,4.6668344,0.0006697178,8.583069e-06,0.0006868839,-0.008565307,4.4332e+06,2.0689188e+07
2025-06-19,002494,4.57,4.48,4.604623,4.6018324,-0.007519126,0.00060641766,-0.0063062906,-0.019693673,3.6024e+06,1.6587693e+07
2025-06-20,002494,4.48,4.48,4.494345,4.4888334,-0.0031918287,0.0012278557,-0.00073611736,0.0,4.2299e+06,1.901063e+07
2025-06-23,002494,4.5,4.58,4.4956536,4.5021667,0.00096678734,-0.0014466643,-0.0019265413,0.0177778,5.1242e+06,2.3036628e+07
2025-06-24,002494,4.71,4.8,4.673381,4.6848345,0.007835746,-0.0024448037,0.0029461384,0.019108295,5.214802e+06,2.4370756e+07
2025-06-25,002494,4.84,4.88,4.875236,4.8745,-0.00722754,0.00015103817,-0.0069254637,0.008264422,6.254913e+06,3.0494176e+07
2025-06-26,002494,4.89,4.88,4.8819475,4.879,0.0016493797,0.00060403347,0.0028574467,-0.0020449162,2.3151e+06,1.1302197e+07
2025-06-27,002494,4.92,4.96,4.9159317,4.921667,0.0008275509,-0.0011653304,-0.0015031099,0.008130074,3.8611e+06,1.8980904e+07
2025-06-30,002494,5.02,5.07,4.980594,4.9894996,0.007911921,-0.0017848015,0.0043423176,0.009960175,4.6011e+06,2.2916212e+07
2025-07-01,002494,5.07,5.09,5.0848465,5.087333,-0.0029197335,-0.0004888177,-0.003897369,0.0039447546,3.2859e+06,1.6708297e+07
2025-07-02,002494,5.08,5.04,5.0733614,5.066499,0.0013085604,0.001354456,0.0040174723,-0.007874012,3.3206e+06,1.6846604e+07
2025-07-03,002494,5.14,5.11,5.129251,5.1286674,0.00209558,0.00011384487,0.0023232698,-0.0058365464,3.1986e+06,1.6406422e+07
2025-07-04,002494,5.19,5.08,5.1817074,5.1780005,0.0016003847,0.0007158518,0.0030320883,-0.021194637,4.6147e+06,2.3912026e+07
2025-07-07,002494,5.15,5.16,5.1242127,5.135667,0.00503242,-0.0022302866,0.00057184696,0.0019416809,4.0314e+06,2.0657752e+07
2025-07-08,002494,5.12,5.18,5.1565423,5.1599994,-0.0070866346,-0.0006699562,-0.008426547,0.01171875,3.148e+06,1.6232795e+07
2025-07-09,002494,5.15,5.18,5.1636186,5.164167,-0.0026373863,-0.00010621548,-0.0028498173,0.005825162,1.999199e+06,1.0323101e+07
2025-07-10,002494,5.18,5.18,5.2073565,5.193834,-0.005253434,0.00260365,-4.6133995e-05,0.0,2.9457e+06,1.533931e+07
2025-07-11,002494,5.14,5.17,5.1552167,5.1546674,-0.0029517412,0.000106573105,-0.002738595,0.005836606,2.0263e+06,1.0446016e+07
2025-07-14,002494,5.18,5.25,5.223167,5.2211666,-0.008264542,0.00038313866,-0.0074982643,0.013513565,3.6711e+06,1.9174768e+07
2025-07-15,002494,5.05,5.09,5.1263266,5.112666,-0.014889121,0.0026718378,-0.009545445,0.007920742,5.2057e+06,2.6686118e+07
2025-07-16,002494,5.15,5.14,5.130549,5.1355004,0.003791213,-0.00096416473,0.0018628836,-0.0019418001,2.501e+06,1.2831503e+07
2025-07-17,002494,5.12,5.08,5.1370225,5.1348333,-0.0033137202,0.00042629242,-0.0024611354,-0.0078125,2.06e+06,1.0582266e+07
2025-07-18,002494,5.07,5.12,5.058504,5.0571666,0.002272606,0.0002645254,0.0028016567,0.009861827,2.2635e+06,1.1449924e+07
2025-07-21,002494,5.2,5.18,5.1780877,5.1861672,0.0042316914,-0.0015578866,0.0011159182,-0.0038461685,3.2151e+06,1.664807e+07
2025-07-22,002494,5.16,5.14,5.160976,5.1536665,-0.00018912554,0.0014183521,0.0026475787,-0.0038759708,2.9577e+06,1.5264618e+07
2025-07-23,002494,5.11,5.09,5.127141,5.1256666,-0.003343165,0.00028765202,-0.002767861,-0.0039138794,2.3264e+06,1.1927781e+07
2025-07-24,002494,5.13,5.1,5.150799,5.152167,-0.0040379763,-0.0002655387,-0.0045690536,-0.0058479905,3.6327e+06,1.8711306e+07
2025-07-25,002494,5.13,5.17,5.116014,5.116667,0.0027338266,-0.00012755394,0.0024787188,0.007797241,2.9444e+06,1.5063592e+07
2025-07-28,002494,5.16,5.2,5.174589,5.1753335,-0.002819419,-0.00014382601,-0.003107071,0.0077519417,2.251799e+06,1.1652135e+07
2025-07-29,002494,5.16,5.16,5.1625347,5.1536665,-0.00049102306,0.0017207861,0.0029505491,0.0,4.28184e+06,2.2105148e+07
2025-07-30,002494,5.14,5.2,5.1449714,5.1370006,-0.0009663105,0.0015516281,0.0021369457,0.011673093,2.2888e+06,1.1775811e+07
2025-07-31,002494,5.14,5.07,5.189032,5.187167,-0.009449184,0.00035953522,-0.0087301135,-0.013618588,2.9274e+06,1.5190373e+07
2025-08-01,002494,5.14,5.16,5.11351,5.1198335,0.005180359,-0.0012350678,0.0027102232,0.0038909912,3.0325e+06,1.5506719e+07
2025-08-04,002494,5.21,5.25,5.1844273,5.193499,0.004932642,-0.0017467737,0.0014390945,0.007677555,4.4726e+06,2.318787e+07
2025-08-05,002494,5.29,5.31,5.299434,5.299667,-0.0017802119,-4.3928623e-05,-0.0018680692,0.0037807226,3.4878e+06,1.8483366e+07
2025-08-06,002494,5.31,5.38,5.3150487,5.303167,-0.0009499192,0.0022405386,0.003531158,0.013182759,2.9282e+06,1.5563526e+07
2025-08-07,002494,5.34,5.33,5.3787417,5.3711658,-0.0072027445,0.0014104843,-0.004381776,-0.0018727183,2.9728e+06,1.5989923e+07
2025-08-08,002494,5.29,5.35,5.287103,5.2848334,0.0005478859,0.00042951107,0.001406908,0.011342168,3.6153e+06,1.9114464e+07
2025-08-11,002494,5.4,5.43,5.386629,5.3964996,0.002482295,-0.0018290877,-0.0011758804,0.0055555105,3.5435e+06,1.908752e+07
2025-08-12,002494,5.46,5.41,5.44487,5.443833,0.0027787685,0.00019049644,0.0031597614,-0.009157538,2.3559e+06,1.2827569e+07
2025-08-13,002494,5.34,5.32,5.3745866,5.3655,-0.006435156,0.0016934872,-0.0030481815,-0.0037453175,3.2608e+06,1.7525452e+07
2025-08-14,002494,5.28,5.16,5.294426,5.2888327,-0.0027247071,0.0010576248,-0.0006094575,-0.02272731,2.2751e+06,1.2045348e+07
2025-08-15,002494,5.14,5.09,5.1685767,5.167668,-0.0055289865,0.0001758337,-0.005177319,-0.009727597,2.7598e+06,1.4264238e+07
2025-08-18,002494,5.16,5.08,5.203666,5.195833,-0.00839144,0.0015075207,-0.0053763986,-0.015503883,6.3235e+06,3.2905384e+07
2025-08-19,002494,5.24,5.26,5.1293178,5.146333,0.021578312,-0.0033063293,0.014965653,0.003816843,7.5858e+06,3.890998e+07
2025-08-20,002494,5.22,5.3,5.2291465,5.228667,-0.0017491579,9.179115e-05,-0.0015655756,0.015325785,3.789359e+06,1.9815114e+07
2025-08-21,002494,5.3,5.34,5.295314,5.295833,0.00088500977,-9.804964e-05,0.0006889105,0.00754714,3.95007e+06,2.091686e+07
2025-08-22,002494,5.21,5.25,5.265969,5.2679996,-0.010628402,-0.00038552284,-0.011399448,0.007677555,6.4671e+06,3.4055548e+07
2025-08-25,002494,5.24,5.18,5.243421,5.2543335,-0.00065249205,-0.0020768642,-0.0048062205,-0.01145035,5.1995e+06,2.7263168e+07
2025-08-26,002494,5.23,5.24,5.2232323,5.2281666,0.0012956858,-0.00094377995,-0.0005918741,0.0019119978,4.4288e+06,2.3132652e+07
2025-08-27,002494,5.15,5.08,5.195824,5.1918335,-0.008819401,0.0007686615,-0.0072820783,-0.013592243,6.1228e+06,3.1812992e+07
2025-08-28,002494,5.0,4.93,5.095835,5.075166,-0.018806577,0.004072547,-0.010661483,-0.014000058,6.222e+06,3.1706288e+07
2025-08-29,002494,4.84,4.81,4.852203,4.842333,-0.0025148988,0.0020382404,0.0015615821,-0.006198406,8.577541e+06,4.161997e+07
2025-09-01,002494,4.88,4.87,4.8340735,4.849167,0.009500623,-0.0031125546,0.0032755136,-0.0020492077,6.3189e+06,3.0546028e+07
2025-09-02,002494,4.8,4.9,4.7836742,4.7848334,0.0034128428,-0.00024229288,0.002928257,0.020833254,6.3028e+06,3.0150542e+07
2025-09-03,002494,4.85,4.78,4.915683,4.9011664,-0.013361931,0.002961874,-0.007438183,-0.014432907,4.1666e+06,2.0481684e+07
2025-09-04,002494,5.09,4.95,4.969277,4.9611664,0.0242939,0.0016348362,0.027563572,-0.02750498,9.978694e+06,4.9586892e+07
2025-09-05,002494,4.95,4.95,4.8907175,4.896167,0.012121439,-0.0011129975,0.009895444,0.0,5.148199e+06,2.5178388e+07
2025-09-08,002494,5.01,5.03,5.027332,5.0305004,-0.003447473,-0.0006299019,-0.004707277,0.0039919615,5.298e+06,2.6634804e+07
2025-09-09,002494,5.06,5.02,5.0503416,5.053,0.0019123554,-0.0005260706,0.00086021423,-0.007905126,3.612e+06,1.8241834e+07
2025-09-10,002494,5.04,5.1,5.055141,5.0625,-0.002995193,-0.0014536381,-0.005902469,0.0119047165,2.6683e+06,1.3488633e+07
2025-09-11,002494,4.99,5.09,5.014512,5.0126667,-0.004888296,0.0003681183,-0.0041520596,0.020040154,4.4727e+06,2.2428408e+07
2025-09-12,002494,5.07,5.04,5.0775986,5.071334,-0.0014964342,0.0012353659,0.0009742975,-0.0059171915,2.5244e+06,1.281789e+07
2025-09-15,002494,5.03,5.03,5.04145,5.034833,-0.0022711158,0.0013142824,0.00035744905,0.0,2.44413e+06,1.2321959e+07
2025-09-16,002494,5.11,5.19,5.0915627,5.0944986,0.0036212206,-0.0005762577,0.0024687052,0.015655518,5.0256e+06,2.5588158e+07
2025-09-17,002494,5.19,5.13,5.165043,5.166333,0.00483191,-0.00024974346,0.004332423,-0.0115606785,2.6296e+06,1.3581997e+07
2025-09-18,002494,5.07,4.99,5.0877976,5.0915,-0.0034980774,-0.00072711706,-0.0049523115,-0.015779197,2.9563e+06,1.5041056e+07
2025-09-19,002494,4.91,4.94,4.965146,4.9536676,-0.01110667,0.0023171902,-0.0064722896,0.006110072,4.1312e+06,2.0512012e+07
2025-09-22,002494,4.84,4.78,4.829294,4.8174996,0.0022169352,0.0024483204,0.007113576,-0.012396693,4.5109e+06,2.1784464e+07
2025-09-23,002494,4.5,4.67,4.618705,4.614333,-0.025700867,0.0009473562,-0.023806155,0.03777778,8.739832e+06,4.0366704e+07
2025-09-24,002494,4.8,4.84,4.7695346,4.778666,0.0063875914,-0.0019108653,0.0025658607,0.008333325,5.4263e+06,2.5880926e+07
2025-09-25,002494,4.82,4.76,4.8363276,4.8323336,-0.003376007,0.000826478,-0.0017230511,-0.012448132,2.2141e+06,1.0708113e+07
2025-09-26,002494,4.89,4.81,4.792928,4.790501,0.020253062,0.0005066395,0.021266341,-0.016359925,3.0293e+06,1.4519217e+07
2025-09-29,002494,4.88,4.89,4.7947087,4.8155,0.017788649,-0.004317522,0.0091536045,0.0020490885,3.468054e+06,1.6628309e+07
2025-09-30,002494,4.91,4.93,4.9295044,4.9170003,-0.0039566755,0.0025430918,0.001129508,0.004073262,3.1748e+06,1.5650191e+07
2025-10-09,002494,4.84,4.86,4.8985586,4.8974996,-0.011954248,0.00021624565,-0.011521757,0.004132271,3.290518e+06,1.6118796e+07
2025-10-10,002494,4.98,4.99,4.9574437,4.9613333,0.00454998,-0.0007839799,0.0029820204,0.0020079613,3.28672e+06,1.6293729e+07
2025-10-13,002494,4.96,4.93,4.8491645,4.919833,0.022856593,-0.014364064,-0.0058715343,-0.006048441,4.7571e+06,2.306796e+07
2025-10-14,002494,4.98,4.97,4.9959764,4.993834,-0.0031978488,0.00042903423,-0.0023397803,-0.0020080805,3.3251e+06,1.6612122e+07
2025-10-15,002494,5.02,5.01,5.0078197,5.011833,0.0024322271,-0.0008007884,0.00083065033,-0.0019919872,3.4057e+06,1.7055132e+07
2025-10-16,002494,4.99,4.96,5.009438,5.0065002,-0.003880322,0.0005867481,-0.0027068257,-0.006011963,2.098e+06,1.0509801e+07
2025-10-17,002494,4.99,4.94,4.957869,4.9585004,0.006480694,-0.00012731552,0.006226063,-0.010019958,1.9287e+06,9.562242e+06
2025-10-20,002494,4.99,5.03,4.9988847,4.997666,-0.0017773509,0.0002439022,-0.0012895465,0.0080161095,3.0683e+06,1.5338078e+07
2025-10-21,002494,5.1,5.18,5.0717463,5.082,0.0055707693,-0.0020176172,0.0015355349,0.015686274,3.3556e+06,1.7018752e+07
2025-10-22,002494,5.27,5.26,5.231281,5.234499,0.0074014664,-0.0006148219,0.0061718225,-0.0018975139,4.632449e+06,2.4233642e+07
2025-10-23,002494,5.25,5.29,5.2507896,5.251167,-0.00015038252,-7.18236e-05,-0.0002940297,0.0076190233,3.7818e+06,1.9857436e+07
2025-10-24,002494,5.3,5.24,5.324269,5.3241663,-0.0045580864,1.9311905e-05,-0.0045194626,-0.011320829,3.7643e+06,2.0042146e+07
2025-10-27,002494,5.21,5.23,5.2248497,5.204666,-0.0028421283,0.0038779974,0.0049138665,0.0038387775,5.3737e+06,2.8076776e+07
2025-10-28,002494,5.3,5.32,5.2896733,5.288167,0.0019522905,0.000284791,0.0025218725,0.00377357,4.777e+06,2.526877e+07
2025-10-29,002494,5.29,5.26,5.2462125,5.2498336,0.008346438,-0.00068974495,0.0069669485,-0.0056710243,4.183e+06,2.1944906e+07
2025-10-30,002494,5.29,5.26,5.278159,5.2845,0.0022433996,-0.0011999011,-0.00015640259,-0.0056710243,3.271902e+06,1.726962e+07
2025-10-31,002494,5.32,5.34,5.298721,5.2988334,0.0040159225,-2.1219254e-05,0.003973484,0.0037593842,3.1619e+06,1.6754025e+07
2025-11-03,002494,5.48,5.49,5.4491277,5.461833,0.0056655407,-0.0023261905,0.0010131598,0.0018247366,7.3543e+06,4.007452e+07
2025-11-04,002494,5.52,5.53,5.5079165,5.5129995,0.0021938086,-0.00092202425,0.00034976006,0.0018116236,4.1748e+06,2.299445e+07
2025-11-05,002494,5.52,5.59,5.536491,5.547333,-0.0029785633,-0.0019544363,-0.006887436,0.012681246,3.1831e+06,1.7623204e+07
2025-11-06,002494,5.57,5.62,5.538368,5.544167,0.0057114363,-0.0010459423,0.0036195517,0.008976579,3.6082e+06,1.998354e+07
2025-11-07,002494,5.62,5.61,5.607411,5.606333,0.0022450686,0.00019228458,0.0026296377,-0.0017793179,2.5772e+06,1.4451419e+07
2025-11-10,002494,5.69,5.69,5.6759167,5.6813335,0.0024812222,-0.0009534359,0.00057435036,0.0,3.5688e+06,2.0256212e+07
2025-11-11,002494,5.7,5.69,5.6987615,5.7021666,0.00021731853,-0.00059717894,-0.0009770393,-0.0017543435,3.0748e+06,1.7522552e+07
2025-11-12,002494,5.68,5.7,5.703488,5.7025,-0.004118204,0.0001732111,-0.003771782,0.0035210848,2.6993e+06,1.5395425e+07
2025-11-13,002494,5.69,5.77,5.6789455,5.6859994,0.0019465685,-0.0012405515,-0.00053453445,0.014059782,2.6924e+06,1.5289993e+07
2025-11-14,002494,5.9,5.85,5.8474846,5.8635,0.00898087,-0.0027313828,0.0035181046,-0.008474588,4.2877e+06,2.507226e+07
2025-11-17,002494,5.92,5.94,5.8590336,5.8625007,0.0104055405,-0.0005913973,0.009222746,0.0033783913,5.4776e+06,3.2093442e+07
2025-11-18,002494,5.82,5.87,5.8455725,5.8275003,-0.0043746233,0.0031012297,0.001827836,0.008591056,7.253699e+06,4.2402024e+07
2025-11-19,002494,5.72,5.73,5.8006716,5.7936664,-0.013907313,0.0012091398,-0.011489034,0.0017483234,6.070699e+06,3.5214132e+07
2025-11-20,002494,5.65,5.71,5.7275777,5.7148333,-0.0135445595,0.0022300482,-0.009084463,0.010619402,4.8347e+06,2.769112e+07
2025-11-21,002494,5.48,5.37,5.6251884,5.6019998,-0.02581042,0.004139304,-0.017531812,-0.020072997,5.735055e+06,3.2260764e+07
2025-11-24,002494,5.44,5.45,5.4952083,5.4465003,-0.010046601,0.008942962,0.007839322,0.0018382072,1.00136e+07,5.5026816e+07
2025-11-25,002494,5.54,5.55,5.5118637,5.5226674,0.005104661,-0.0019562244,0.0011922121,0.0018050671,5.3876e+06,2.9695716e+07
2025-11-26,002494,5.58,5.5,5.597016,5.6109996,-0.0030401945,-0.0024921894,-0.008024573,-0.014336884,3.934122e+06,2.2019344e+07
2025-11-27,002494,5.52,5.53,5.4819174,5.491,0.0069469213,-0.0016541481,0.0036386251,0.0018116236,3.328199e+06,1.8244912e+07
2025-11-28,002494,5.53,5.61,5.4967294,5.497166,0.0060528517,-7.945299e-05,0.0058939457,0.014466524,2.5947e+06,1.4262364e+07
2025-12-01,002494,5.68,5.54,5.677915,5.6821666,0.0003671646,-0.0007482171,-0.0011292696,-0.024647892,3.9565e+06,2.2464672e+07
2025-12-02,002494,5.59,5.61,5.538392,5.5533323,0.009318233,-0.0026903152,0.003937602,0.0035778284,5.9177e+06,3.2774542e+07
2025-12-03,002494,5.49,5.51,5.556144,5.539167,-0.0119047165,0.00306499,-0.0057747364,0.003643036,4.4262e+06,2.4592606e+07
2025-12-04,002494,5.49,5.41,5.4879,5.4700003,0.00038266182,0.003272295,0.006927252,-0.014571965,4.1165e+06,2.259094e+07
2025-12-05,002494,5.46,5.51,5.4081106,5.4163337,0.009594798,-0.0015181899,0.0065584183,0.009157538,3.1867e+06,1.7234026e+07
2025-12-08,002494,5.57,5.56,5.5726523,5.570334,-0.0004759431,0.00041615963,0.00035637617,-0.0017953515,3.7723e+06,2.1021716e+07
2025-12-09,002494,5.56,5.53,5.5063796,5.5013337,0.009737849,0.0009171963,0.011572242,-0.005395651,3.6604e+06,2.0155552e+07
2025-12-10,002494,5.53,5.42,5.5273914,5.5305004,0.00047194958,-0.0005621314,-0.00065231323,-0.0198915,2.603722e+06,1.4391791e+07
2025-12-11,002494,5.32,5.2,5.3350544,5.324333,-0.0028217435,0.0020136833,0.0012056231,-0.022556484,5.3629e+06,2.8611364e+07
2025-12-12,002494,5.21,5.01,5.184603,5.1938324,0.004898548,-0.0017769337,0.0013446808,-0.038387656,4.5475e+06,2.3576984e+07
2025-12-15,002494,5.16,5.13,5.050293,5.0768332,0.021722913,-0.0052277446,0.011267424,-0.0058138967,6.2282e+06,3.1454236e+07
2025-12-16,002494,5.06,5.02,5.051003,5.0426664,0.0017812252,0.0016531944,0.005087614,-0.007905126,5.8407e+06,2.9501392e+07
2025-12-17,002494,5.0,5.02,5.0060053,5.006,-0.0011996031,1.0728836e-06,-0.0011974573,0.0039999485,4.3154e+06,2.1602916e+07
2025-12-18,002494,5.18,5.15,5.1155376,5.1301665,0.012601256,-0.0028515458,0.0068981647,-0.0057914257,4.2849e+06,2.1919568e+07
2025-12-19,002494,5.22,5.32,5.1741323,5.1830006,0.00886476,-0.0017110109,0.0054427385,0.019157171,3.005e+06,1.5548267e+07
2025-12-22,002494,5.3,5.3,5.3215823,5.3154993,-0.0040555596,0.0011444092,-0.0017667413,0.0,3.9714e+06,2.1134132e+07
2025-12-23,002494,5.24,5.29,5.251593,5.2521667,-0.0022075772,-0.00010919571,-0.0024259686,0.009541988,5.5741e+06,2.9272904e+07
2025-12-24,002494,5.3,5.33,5.30811,5.3059998,-0.0015278459,0.0003978014,-0.00073224306,0.0056602955,3.2132e+06,1.705602e+07
2025-12-25,002494,5.37,5.42,5.368297,5.368333,0.00031721592,-6.67572e-06,0.00030386448,0.00931108,2.5054e+06,1.3449732e+07
2025-12-26,002494,5.43,5.35,5.4086933,5.409,0.003939271,-5.6684017e-05,0.003825903,-0.014732957,2.1487e+06,1.1621659e+07
2025-12-29,002494,5.38,5.41,5.372634,5.3744993,0.001371026,-0.00034707785,0.00067687035,0.0055761337,3.5416e+06,1.902772e+07
2025-12-30,002494,5.41,5.38,5.3630977,5.363001,0.008745313,1.8000603e-05,0.008781314,-0.0055452585,3.2338e+06,1.7343186e+07
2025-12-31,002494,5.33,5.38,5.3392196,5.3368325,-0.0017268062,0.00044727325,-0.00083225965,0.009380937,3.7816e+06,2.0190792e+07
2025-01-02,002591,5.09,4.88,5.0027924,5.0099998,0.017431855,-0.0014386177,0.01455462,-0.04125738,5.44789e+06,2.7254662e+07
2025-01-03,002591,4.75,4.53,4.732641,4.716333,0.0036678314,0.0034577847,0.010583401,-0.04631573,7.2498e+06,3.4310704e+07
2025-01-06,002591,4.58,4.47,4.422563,4.470666,0.035598516,-0.010759652,0.014079213,-0.024017513,7.9419e+06,3.512355e+07
2025-01-07,002591,4.6,4.84,4.5658374,4.5740004,0.007482171,-0.0017846227,0.0039129257,0.052173972,4.4363e+06,2.0255424e+07
2025-01-08,002591,5.1,4.98,4.962486,4.953666,0.027710676,0.0017803907,0.031271458,-0.02352941,1.43792e+07,7.135658e+07
2025-01-09,002591,5.04,4.99,5.066458,5.039334,-0.005222261,0.005382538,0.0055428147,-0.009920657,2.02775e+07,1.027351e+08
2025-01-10,002591,4.76,4.63,4.823835,4.8094997,-0.013233185,0.0029805899,-0.007272005,-0.027310967,9.7429e+06,4.699814e+07
2025-01-13,002591,4.56,4.7,4.493099,4.511667,0.014889717,-0.0041154623,0.0066587925,0.030701756,7.2185e+06,3.2433438e+07
2025-01-14,002591,4.88,5.02,4.8394737,4.8525004,0.008374095,-0.0026845336,0.0030050278,0.02868855,4.8044e+06,2.3250768e+07
2025-01-15,002591,5.06,5.04,5.0393724,5.037,0.0040932894,0.0004709959,0.005035281,-0.003952563,6.3866e+06,3.2184456e+07
2025-01-16,002591,5.12,5.11,5.1494575,5.150667,-0.005720496,-0.0002348423,-0.006190181,-0.0019530654,8.457e+06,4.354896e+07
2025-01-17,002591,5.06,5.06,5.046581,5.0558333,0.0026590824,-0.001830101,-0.0010011196,0.0,4.506e+06,2.2739894e+07
2025-01-20,002591,5.16,5.18,5.069876,5.085,0.01777625,-0.0029742122,0.0118278265,0.0038759708,4.7017e+06,2.3837036e+07
2025-01-21,002591,5.07,5.07,5.1524487,5.1358333,-0.01600182,0.003235221,-0.009531379,0.0,4.2708e+06,2.2005078e+07
2025-01-22,002591,5.09,5.05,5.0616927,5.07,0.0055924654,-0.0016385317,0.002315402,-0.007858515,4.165506e+06,2.1084512e+07
2025-01-23,002591,5.13,5.02,5.153637,5.1576676,-0.004586458,-0.0007814765,-0.006149411,-0.021442533,4.7839e+06,2.4654484e+07
2025-01-24,002591,4.96,5.01,4.9474277,4.9435,0.0025411844,0.0007945299,0.0041302443,0.010080695,3.7221e+06,1.841482e+07
2025-01-27,002591,5.02,4.93,5.035721,5.040833,-0.0031218529,-0.001014173,-0.005150199,-0.017928302,6.809202e+06,3.428924e+07
2025-02-05,002591,5.08,5.01,5.035982,5.0568333,0.0087406635,-0.00412333,0.0004940033,-0.013779461,7.248719e+06,3.650442e+07
2025-02-06,002591,5.0,5.06,4.979577,4.9816666,0.0041013956,-0.00041943789,0.0032625198,0.011999965,5.182702e+06,2.5807664e+07
2025-02-07,002591,5.13,5.16,5.1225753,5.1270003,0.0014494658,-0.00086307526,-0.00027668476,0.005847931,7.709102e+06,3.9490456e+07
2025-02-10,002591,5.25,5.28,5.246592,5.2398324,0.0006495714,0.0012900829,0.0032297373,0.0057142973,5.2604e+06,2.7599172e+07
2025-02-11,002591,5.17,5.24,5.1990285,5.190167,-0.0055834055,0.0017073154,-0.0021687746,0.013539553,4.7772e+06,2.48368e+07
2025-02-12,002591,5.24,5.25,5.2640224,5.258833,-0.00456357,0.0009868145,-0.002589941,0.0019084215,3.8681e+06,2.0361764e+07
2025-02-13,002591,5.19,5.28,5.216571,5.210833,-0.005093515,0.0011011362,-0.0028912425,0.017341018,3.7647e+06,1.9638824e+07
2025-02-14,002591,5.22,5.18,5.240845,5.243167,-0.0039774776,-0.0004428029,-0.0048630834,-0.0076628327,5.245e+06,2.7488234e+07
2025-02-17,002591,5.35,5.29,5.2830453,5.2780004,0.012673497,0.0009558201,0.014585137,-0.011214972,6.9278e+06,3.659988e+07
2025-02-18,002591,5.32,5.21,5.3070645,5.3026667,0.0024374723,0.000829339,0.0040961504,-0.020676732,5.2383e+06,2.7799996e+07
2025-02-19,002591,5.36,5.38,5.469765,5.3458323,-0.020067573,0.023183107,0.026298642,0.00373137,2.0247e+07,1.1074634e+08
2025-02-20,002591,5.31,5.32,5.373066,5.3365,-0.011737406,0.0068520308,0.0019666553,0.0018832684,1.42803e+07,7.672899e+07
2025-02-21,002591,5.23,5.28,5.24469,5.2263336,-0.0028009415,0.0035122633,0.004223585,0.009560227,6.8021e+06,3.5674904e+07
2025-02-24,002591,5.33,5.43,5.2815757,5.2879996,0.009168506,-0.0012148023,0.006738901,0.018761754,7.4322e+06,3.925373e+07
2025-02-25,002591,5.42,5.38,5.364791,5.377667,0.01029098,-0.0023943782,0.005502224,-0.0073800683,6.1342e+06,3.29087e+07
2025-02-26,002591,5.66,5.53,5.7983546,5.671167,-0.02386105,0.022427082,0.020993114,-0.022968113,3.22448e+07,1.8696678e+08
2025-02-27,002591,5.41,5.43,5.432041,5.4281664,-0.004057646,0.0007138252,-0.0026299953,0.0036967993,1.68348e+07,9.144733e+07
2025-02-28,002591,5.37,5.28,5.3752284,5.366667,-0.0009726882,0.0015953779,0.0022180676,-0.016759694,9.248889e+06,4.9714892e+07
2025-03-03,002591,5.38,5.36,5.3559813,5.365501,0.0044845343,-0.0017741919,0.00093615055,-0.003717482,7.3574e+06,3.9406096e+07
2025-03-04,002591,5.4,5.49,5.3750935,5.3883333,0.004633665,-0.0024571419,-0.00028061867,0.01666665,4.6234e+06,2.4851208e+07
2025-03-05,002591,5.34,5.43,5.387489,5.3724995,-0.008814633,0.0027899742,-0.0032346845,0.016853929,5.6122e+06,3.0235666e+07
2025-03-06,002591,5.46,5.47,5.4341,5.4408326,0.004766226,-0.0012373924,0.002291441,0.0018314123,4.8376e+06,2.6288004e+07
2025-03-07,002591,5.44,5.4,5.4318585,5.441834,0.0014988184,-0.0018330812,-0.002167344,-0.007352948,3.805902e+06,2.0673122e+07
2025-03-10,002591,5.42,5.39,5.4173574,5.421167,0.0004878044,-0.00070267916,-0.0009175539,-0.005535066,3.637005e+06,1.9702956e+07
2025-03-11,002591,5.4,5.44,5.3779097,5.3843336,0.0041075945,-0.0011931062,0.0017213821,0.007407427,3.7122e+06,1.9963876e+07
2025-03-12,002591,5.49,5.5,5.4785542,5.48,0.0020891428,-0.00026381016,0.0015615225,0.001821518,3.7225e+06,2.0393918e+07
2025-03-13,002591,5.42,5.44,5.4539413,5.4511676,-0.0062232614,0.00050878525,-0.005205691,0.0036900043,4.5144e+06,2.4621272e+07
2025-03-14,002591,5.41,5.51,5.403453,5.4043336,0.0012116432,-0.0001629591,0.000885725,0.018484354,3.7523e+06,2.0275376e+07
2025-03-17,002591,5.58,5.6,5.540552,5.5443335,0.007119775,-0.00068199635,0.005755782,0.0035842657,4.4361e+06,2.4578444e+07
2025-03-18,002591,5.56,5.56,5.56913,5.5706663,-0.0016393661,-0.0002757907,-0.0021909475,0.0,4.4132e+06,2.4577684e+07
2025-03-19,002591,5.53,5.5,5.5385356,5.5400004,-0.0015410781,-0.0002644062,-0.0020698905,-0.0054249763,3.063885e+06,1.6969436e+07
2025-03-20,002591,5.54,5.54,5.5436625,5.5403337,-0.0006606579,0.0006008148,0.00054097176,0.0,3.3978e+06,1.8836256e+07
2025-03-21,002591,5.49,5.69,5.483405,5.494333,0.0012027025,-0.0019888878,-0.002775073,0.036429882,5.1638e+06,2.8315208e+07
2025-03-24,002591,5.56,5.34,5.6197696,5.6158323,-0.010635614,0.00070106983,-0.009233475,-0.039568305,1.38037e+07,7.757362e+07
2025-03-25,002591,5.24,5.29,5.258755,5.2681665,-0.0035665035,-0.0017864704,-0.0071394444,0.009541988,8.8274e+06,4.6421136e+07
2025-03-26,002591,5.39,5.38,5.3990164,5.4040008,-0.0016700029,-0.0009223223,-0.0035146475,-0.0018552542,9.2369e+06,4.9870176e+07
2025-03-27,002591,5.23,5.27,5.238592,5.2383337,-0.001640141,4.9352646e-05,-0.0015414357,0.0076482296,7.1029e+06,3.7209196e+07
2025-03-28,002591,5.09,5.06,5.165054,5.161833,-0.014531076,0.00062406063,-0.013282955,-0.0058939457,6.9769e+06,3.6036064e+07
2025-03-31,002591,4.89,4.99,4.931758,4.9326673,-0.008467197,-0.00018435717,-0.008835912,0.020449877,5.8967e+06,2.9081096e+07
2025-04-01,002591,5.16,5.08,5.105279,5.111667,0.010718465,-0.0012497306,0.008219004,-0.015503883,6.1361e+06,3.1326502e+07
2025-04-02,002591,5.17,5.11,5.1528916,5.1685004,0.0033202171,-0.0030199885,-0.00271976,-0.011605382,4.6789e+06,2.4109864e+07
2025-04-03,002591,5.13,5.14,5.1168714,5.1271667,0.0025657415,-0.0020080209,-0.0014503002,0.0019493103,3.572e+06,1.8277464e+07
2025-04-07,002591,4.62,4.61,4.669158,4.628333,-0.010528266,0.008820653,0.0071130395,-0.0021644235,7.3783e+06,3.445045e+07
2025-04-08,002591,4.51,4.39,4.4796295,4.471833,0.00677979,0.0017434359,0.010266662,-0.026607633,7.561e+06,3.387048e+07
2025-04-09,002591,4.3,4.5,4.136463,4.1655,0.039535522,-0.006970823,0.025593877,0.04651153,6.1122e+06,2.528289e+07
2025-04-10,002591,4.69,4.66,4.6604404,4.670167,0.0063426495,-0.0020827055,0.0021772385,-0.0063966513,4.7932e+06,2.2338424e+07
2025-04-11,002591,4.74,4.66,4.7168093,4.732167,0.0049165487,-0.0032453537,-0.0015741587,-0.016877651,4.0981e+06,1.9329956e+07
2025-04-14,002591,4.84,4.81,4.8181553,4.820167,0.004533887,-0.00041735172,0.0036991835,-0.006198406,5.2485e+06,2.5288088e+07
2025-04-15,002591,4.84,4.84,4.8390446,4.827833,0.0001975298,0.002322197,0.0048419237,0.0,3.653e+06,1.767703e+07
2025-04-16,002591,4.72,4.72,4.7756186,4.7726665,-0.01164639,0.000618577,-0.010409236,0.0,2.394278e+06,1.1434159e+07
2025-04-17,002591,4.82,4.83,4.7930975,4.8071666,0.00561285,-0.0029267073,-0.00024056435,0.0020745993,3.2887e+06,1.576306e+07
2025-04-18,002591,4.74,4.81,4.768788,4.762833,-0.0060367584,0.001250267,-0.0035362244,0.014768004,2.2993e+06,1.0964874e+07
2025-04-21,002591,4.88,4.85,4.8186755,4.839834,0.012726426,-0.0043717623,0.0039829016,-0.0061475635,4.1192e+06,1.9849088e+07
2025-04-22,002591,4.85,4.85,4.857492,4.8553333,-0.0015423894,0.00044465065,-0.0006530881,0.0,2.5614e+06,1.244198e+07
2025-04-23,002591,4.86,4.86,4.880229,4.8819985,-0.004145086,-0.00036245584,-0.0048699975,0.0,3.407e+06,1.662694e+07
2025-04-24,002591,4.88,4.82,4.8483706,4.8525004,0.0065237284,-0.0008510947,0.004821539,-0.012295067,2.4377e+06,1.1818873e+07
2025-04-25,002591,4.79,4.89,4.8005576,4.8005,-0.0021992326,1.2040138e-05,-0.0021751523,0.020876765,3.0188e+06,1.4491923e+07
2025-04-28,002591,4.95,4.93,4.920576,4.9275002,0.0059797764,-0.0014051795,0.0031694174,-0.00404042,6.4034e+06,3.1508416e+07
2025-04-29,002591,5.09,5.17,5.083688,5.100999,0.001241684,-0.00339365,-0.005545616,0.01571703,7.9151e+06,4.0237896e+07
2025-04-30,002591,5.27,5.25,5.2614727,5.2636657,0.0016206503,-0.00041663647,0.00078737736,-0.0037950873,6.707e+06,3.5288696e+07
2025-05-06,002591,5.46,5.54,5.4792876,5.4878335,-0.0035200715,-0.001557231,-0.0066345334,0.014652014,9.3131e+06,5.102915e+07
2025-05-07,002591,5.46,5.47,5.506698,5.4826665,-0.008480251,0.0043832064,0.0002861619,0.0018314123,8.2898e+06,4.5649428e+07
2025-05-08,002591,5.53,5.53,5.4988112,5.5068336,0.005671978,-0.0014567971,0.0027583838,0.0,4.0499e+06,2.2269636e+07
2025-05-09,002591,5.53,5.59,5.5540915,5.5305004,-0.004337549,0.004265666,0.004193783,0.010849953,5.1119e+06,2.839196e+07
2025-05-12,002591,5.72,5.62,5.7009215,5.7060003,0.0033465624,-0.00089007616,0.0015664101,-0.01748252,6.530004e+06,3.722704e+07
2025-05-13,002591,5.6,5.61,5.657792,5.636499,-0.010214627,0.0037777424,-0.002659142,0.0017857552,4.2187e+06,2.3868528e+07
2025-05-14,002591,5.57,5.57,5.571434,5.5636663,-0.00025737286,0.0013961792,0.0025349855,0.0,2.7601e+06,1.5377715e+07
2025-05-15,002591,5.59,5.59,5.5423555,5.5574994,0.00859642,-0.0027249455,0.0031465292,0.0,3.835399e+06,2.1257144e+07
2025-05-16,002591,5.61,5.64,5.5937514,5.6171656,0.0029047728,-0.0041683316,-0.0054318905,0.0053474903,3.4366e+06,1.9223486e+07
2025-05-19,002591,5.63,5.7,5.6361175,5.624999,-0.0010854006,0.0019766092,0.0028678179,0.0124332905,4.4379e+06,2.5012526e+07
2025-05-20,002591,5.68,5.75,5.7165008,5.6975,-0.006385207,0.0033348799,0.00028455257,0.012323976,3.1254e+06,1.7866352e+07
2025-05-21,002591,5.68,5.65,5.708453,5.6975,-0.0049844384,0.001922369,-0.0011397004,-0.005281627,2.854833e+06,1.6296681e+07
2025-05-22,002591,5.65,5.58,5.7042127,5.6898327,-0.009503961,0.0025273561,-0.0044492483,-0.012389421,2.6425e+06,1.5073382e+07
2025-05-23,002591,5.6,5.52,5.5717764,5.577333,0.005065441,-0.0009962916,0.0030728579,-0.014285684,2.8456e+06,1.5855047e+07
2025-05-26,002591,5.59,5.6,5.570537,5.585667,0.003493905,-0.002708733,-0.0019235611,0.0017888546,2.5648e+06,1.4287313e+07
2025-05-27,002591,5.66,5.63,5.599549,5.5901666,0.0107957125,0.0016783476,0.014152408,-0.0053002834,3.0977e+06,1.7345722e+07
2025-05-28,002591,5.6,5.58,5.6178775,5.6073337,-0.003182292,0.0018804073,0.0005785227,-0.0035714507,2.9114e+06,1.6355888e+07
2025-05-29,002591,5.68,5.72,5.653181,5.6549997,0.004744053,-0.00032162666,0.0041007996,0.007042289,3.6028e+06,2.036728e+07
2025-05-30,002591,5.63,5.58,5.653097,5.6471667,-0.0040857196,0.0010501146,-0.0019854903,-0.0088810325,3.2215e+06,1.8211452e+07
2025-06-03,002591,5.67,5.67,5.637343,5.6571674,0.0057929754,-0.0035043359,-0.0012156963,0.0,5.190351e+06,2.9259788e+07
2025-06-04,002591,5.72,5.74,5.7014465,5.699333,0.0032541752,0.0003708601,0.0039958954,0.0034965277,2.905e+06,1.6562702e+07
2025-06-05,002591,5.72,5.68,5.777018,5.7495008,-0.0098698735,0.0047860146,-0.0002978444,-0.0069929957,3.5069e+06,2.0259424e+07
2025-06-06,002591,5.72,5.76,5.6999736,5.7061667,0.0035133362,-0.001085341,0.0013426542,0.0069930553,2.873e+06,1.6376024e+07
2025-06-09,002591,5.73,5.79,5.7448606,5.745001,-0.002586782,-2.43783e-05,-0.0026355386,0.010471225,3.9139e+06,2.248481e+07
2025-06-10,002591,5.83,5.73,5.878605,5.8453326,-0.008268118,0.0056921244,0.0031161308,-0.017152667,9.7372e+06,5.724115e+07
2025-06-11,002591,5.85,5.8,5.8403244,5.8415,0.0016566515,-0.00020122528,0.0012542009,-0.008546948,6.5267e+06,3.8118044e+07
2025-06-12,002591,5.79,5.78,5.803315,5.8080006,-0.0022944212,-0.00080668926,-0.0039077997,-0.0017270446,3.7128e+06,2.1546548e+07
2025-06-13,002591,5.68,5.66,5.7198324,5.7066665,-0.0069639683,0.0023071766,-0.002349615,-0.0035211444,3.1396e+06,1.7957986e+07
2025-06-16,002591,5.76,5.75,5.7641854,5.7695,-0.0007260442,-0.0009211302,-0.0025683045,-0.0017361641,4.741667e+06,2.7331848e+07
2025-06-17,002591,5.72,5.71,5.773303,5.767334,-0.0092327,0.001034975,-0.00716275,-0.0017482042,2.7811e+06,1.6056133e+07
2025-06-18,002591,5.63,5.63,5.661591,5.6578336,-0.005579889,0.00066411495,-0.004251659,0.0,3.4705e+06,1.9648552e+07
2025-06-19,002591,5.53,5.45,5.579675,5.5746675,-0.008902848,0.0008983612,-0.0071061254,-0.014466643,3.5041e+06,1.955174e+07
2025-06-20,002591,5.5,5.47,5.5135965,5.502833,-0.002466023,0.001955986,0.0014459491,-0.0054546,3.7224e+06,2.0523812e+07
2025-06-23,002591,5.54,5.64,5.5093064,5.524667,0.005571246,-0.0027803183,1.0609627e-05,0.018050551,4.9719e+06,2.739172e+07
2025-06-24,002591,5.83,5.9,5.785627,5.810499,0.007669568,-0.004280567,-0.0008915663,0.012006879,4.962e+06,2.870828e+07
2025-06-25,002591,5.86,5.9,5.8975554,5.890166,-0.006367922,0.0012545586,-0.0038588047,0.006825924,4.9881e+06,2.9417596e+07
2025-06-26,002591,5.97,6.01,5.902181,5.909167,0.011490464,-0.0011821985,0.009126067,0.0067002773,5.3766e+06,3.1733668e+07
2025-06-27,002591,5.98,6.0,6.0061703,5.9985003,-0.0043572187,0.0012786388,-0.0017999411,0.0033445358,5.1782e+06,3.1101152e+07
2025-06-30,002591,6.08,6.09,6.044726,6.044333,0.005835533,6.496906e-05,0.0059654713,0.0016447306,5.2961e+06,3.2013472e+07
2025-07-01,002591,6.02,6.03,6.0495167,6.055499,-0.0048791766,-0.000987947,-0.0068550706,0.0016611814,5.186e+06,3.1372794e+07
2025-07-02,002591,6.09,6.07,6.0459566,6.037833,0.0072847605,0.001345396,0.009975553,-0.0032840967,4.033333e+06,2.4385356e+07
2025-07-03,002591,6.06,6.07,6.0922117,6.0820003,-0.005287349,0.0016789436,-0.001929462,0.0016502142,2.6749e+06,1.6296057e+07
2025-07-04,002591,6.01,5.97,6.0351233,6.0325007,-0.0041627884,0.00043475628,-0.0032932758,-0.0066556334,2.7606e+06,1.6660562e+07
2025-07-07,002591,6.0,6.04,5.9761896,5.9903336,0.003984213,-0.0023611188,-0.0007380247,0.0066666603,4.6319e+06,2.7681112e+07
2025-07-08,002591,6.06,6.08,6.0416093,6.0451665,0.0030440092,-0.00058841705,0.0018671751,0.0033003092,3.9352e+06,2.377494e+07
2025-07-09,002591,6.05,6.03,6.075442,6.067,-0.0041876435,0.0013914108,-0.0014048219,-0.0033057928,3.3294e+06,2.0227576e+07
2025-07-10,002591,6.04,6.11,6.0930223,6.077,-0.008702159,0.0026365519,-0.0034290552,0.011589408,3.7649e+06,2.293962e+07
2025-07-11,002591,6.02,6.08,6.0243497,6.017,-0.00072205067,0.0012214184,0.0017207861,0.009966731,3.3217e+06,2.0011082e+07
2025-07-14,002591,6.1,6.19,6.134488,6.1298337,-0.0056220293,0.0007593632,-0.004103303,0.014754176,4.7043e+06,2.8858472e+07
2025-07-15,002591,5.81,5.86,5.9406805,5.927001,-0.021997571,0.002308011,-0.017381549,0.008605838,7.697327e+06,4.572736e+07
2025-07-16,002591,5.91,5.95,5.9394937,5.9160004,-0.0049657226,0.0039711,0.0029764771,0.0067682266,5.1212e+06,3.0417336e+07
2025-07-17,002591,5.96,5.93,5.9642076,5.9671664,-0.0007054806,-0.00049585104,-0.0016971827,-0.0050336123,2.6066e+06,1.5546304e+07
2025-07-18,002591,5.93,6.01,5.963254,5.9544992,-0.0055764914,0.0014703274,-0.0026358366,0.013490796,3.0744e+06,1.8333428e+07
2025-07-21,002591,6.09,6.24,6.084709,6.091166,0.00086951256,-0.001060009,-0.0012505054,0.024630427,3.8086e+06,2.3174224e+07
2025-07-22,002591,6.24,6.21,6.2149854,6.212667,0.0040248632,0.00037312508,0.0047711134,-0.004807651,4.5097e+06,2.802772e+07
2025-07-23,002591,6.17,6.24,6.2111807,6.206,-0.006630063,0.00083482265,-0.0049604177,0.011345148,3.2914e+06,2.044348e+07
2025-07-24,002591,6.22,6.25,6.25604,6.25,-0.005760908,0.0009664297,-0.0038280487,0.004823208,3.0656e+06,1.9178516e+07
2025-07-25,002591,6.24,6.39,6.2471066,6.231333,-0.0011376143,0.0025314093,0.0039252043,0.024038434,3.4536e+06,2.1575008e+07
2025-07-28,002591,6.5,6.48,6.4460216,6.4605,0.008373857,-0.0022410154,0.0038918257,-0.003076911,5.282802e+06,3.4053056e+07
2025-07-29,002591,6.44,6.46,6.4605446,6.4486666,-0.003180027,0.0018419027,0.00050377846,0.0031056404,5.013802e+06,3.2391892e+07
2025-07-30,002591,6.27,6.33,6.3537326,6.3226657,-0.013178468,0.0049135685,-0.0033513308,0.0095694065,5.018702e+06,3.188749e+07
2025-07-31,002591,6.28,6.23,6.3266034,6.3256664,-0.00736624,0.00014817715,-0.0070698857,-0.00796181,3.1584e+06,1.9981944e+07
2025-08-01,002591,6.32,6.34,6.3106866,6.3113327,0.001475811,-0.00010240078,0.0012710094,0.0031645298,3.0747e+06,1.9403468e+07
2025-08-04,002591,6.35,6.4,6.3486958,6.3593335,0.0002053976,-0.0016728044,-0.003140211,0.007874012,3.1639e+06,2.0086638e+07
2025-08-05,002591,6.58,6.53,6.5306454,6.527833,0.007557392,0.00043082237,0.008419037,-0.0075987577,5.3547e+06,3.496965e+07
2025-08-06,002591,6.53,6.56,6.557176,6.546667,-0.00414443,0.0016052723,-0.0009338856,0.0045940876,3.0845e+06,2.022561e+07
2025-08-07,002591,6.5,6.49,6.5397515,6.532834,-0.006078422,0.0010589361,-0.00396055,-0.0015385151,2.5422e+06,1.6625356e+07
2025-08-08,002591,6.43,6.51,6.4650316,6.4478326,-0.0054186583,0.002667427,-8.380413e-05,0.012441754,2.6381e+06,1.70554e+07
2025-08-11,002591,6.59,6.62,6.5549283,6.5579996,0.0053504705,-0.0004683137,0.004413843,0.0045523643,3.7948e+06,2.4874642e+07
2025-08-12,002591,6.61,6.63,6.601362,6.5984983,0.0013085604,0.00043404102,0.0021766424,0.0030257702,2.7584e+06,1.8209198e+07
2025-08-13,002591,6.53,6.49,6.609256,6.5820007,-0.01199162,0.004140854,-0.0037099123,-0.006125629,3.9622e+06,2.6187194e+07
2025-08-14,002591,6.41,6.31,6.4343967,6.4241667,-0.0037916303,0.0015923977,-0.0006068349,-0.015600622,2.6295e+06,1.6919246e+07
2025-08-15,002591,6.35,6.29,6.345153,6.3509994,0.0007638931,-0.00092053413,-0.0010771751,-0.009448826,3.01525e+06,1.9132222e+07
2025-08-18,002591,6.34,6.34,6.378735,6.378333,-0.006072521,6.3061714e-05,-0.005946398,0.0,4.2502e+06,2.71109e+07
2025-08-19,002591,6.39,6.45,6.3572106,6.3693337,0.0051578283,-0.0019033551,0.0013511181,0.009389639,3.5708e+06,2.2700328e+07
2025-08-20,002591,6.38,6.47,6.4110947,6.402667,-0.0048500896,0.001316309,-0.0022174716,0.014106512,2.3625e+06,1.5146211e+07
2025-08-21,002591,6.47,6.5,6.4845595,6.476833,-0.002245307,0.0011929274,0.00014054775,0.0046367645,2.3839e+06,1.5458541e+07
2025-08-22,002591,6.4,6.49,6.4962482,6.4743333,-0.014815986,0.0033849478,-0.008046091,0.014062405,3.6749e+06,2.3873062e+07
2025-08-25,002591,6.46,6.38,6.4724045,6.4755,-0.0019165277,-0.00047802925,-0.0028725863,-0.012383878,2.7247e+06,1.763536e+07
2025-08-26,002591,6.44,6.44,6.392774,6.406333,0.0073873997,-0.0021165013,0.003154397,0.0,3.194956e+06,2.0424632e+07
2025-08-27,002591,6.29,6.12,6.3615556,6.3603344,-0.011248112,0.00019204617,-0.010864019,-0.02702701,4.7435e+06,3.017604e+07
2025-08-28,002591,5.99,5.93,6.089699,6.067666,-0.016371727,0.003631115,-0.009109497,-0.01001668,6.56905e+06,4.0003536e+07
2025-08-29,002591,5.88,5.86,5.887696,5.882833,-0.0013070703,0.0008265972,0.00034612417,-0.003401339,4.5445e+06,2.6756634e+07
2025-09-01,002591,5.96,5.93,5.878744,5.9089994,0.0138219595,-0.005120218,0.003581524,-0.0050336123,4.8384e+06,2.8443716e+07
2025-09-02,002591,5.86,5.93,5.8391867,5.8396664,0.003564477,-8.21352e-05,0.0034002066,0.011945367,5.8393e+06,3.4096764e+07
2025-09-03,002591,5.9,5.78,5.9439607,5.9338326,-0.0073958635,0.0017068386,-0.0039821863,-0.020338953,4.2894e+06,2.5496024e+07
2025-09-04,002591,6.02,5.91,5.952205,5.945666,0.011389852,0.0010998249,0.013589501,-0.01827246,5.734952e+06,3.4135612e+07
2025-09-05,002591,5.94,5.92,5.8732533,5.8976674,0.011364579,-0.004139602,0.0030853748,-0.0033670068,5.072199e+06,2.979031e+07
2025-09-08,002591,5.94,6.02,5.9749856,5.9800005,-0.005855322,-0.00083863735,-0.0075325966,0.013468027,4.7549e+06,2.841046e+07
2025-09-09,002591,6.07,6.18,6.0415664,6.0464997,0.0047063828,-0.000815928,0.0030745268,0.018121839,3.6965e+06,2.233265e+07
2025-09-10,002591,6.08,6.07,6.189878,6.1396656,-0.017751276,0.008178353,-0.0013945699,-0.001644671,9.217606e+06,5.7055856e+07
2025-09-11,002591,5.99,6.06,5.9948344,5.9905,-0.00080645084,0.0007236004,0.00064074993,0.011686206,4.0885e+06,2.450988e+07
2025-09-12,002591,6.05,6.04,6.051397,6.0494995,-0.00023078918,0.00031363964,0.0003964901,-0.001652956,2.6263e+06,1.5892783e+07
2025-09-15,002591,5.99,6.0,6.0071073,6.003,-0.0028478503,0.0006842613,-0.0014793277,0.0016695261,2.326022e+06,1.3972664e+07
2025-09-16,002591,5.98,6.03,6.000213,5.998833,-0.0033687353,0.00023007393,-0.0029085875,0.00836122,2.3454e+06,1.40729e+07
2025-09-17,002591,6.04,5.99,6.0296736,6.034667,0.0017125607,-0.0008274317,5.7697296e-05,-0.008278191,3.2668e+06,1.9697738e+07
2025-09-18,002591,5.88,5.79,5.9132705,5.9158335,-0.0056263804,-0.00043326616,-0.006492913,-0.015306175,5.6445e+06,3.3377456e+07
2025-09-19,002591,5.69,5.75,5.718817,5.7133336,-0.0050390363,0.000959754,-0.0031195283,0.010544777,4.2493e+06,2.430097e+07
2025-09-22,002591,5.67,5.65,5.637074,5.6363344,0.005841017,0.00013124943,0.0061035156,-0.0035273433,3.3085e+06,1.865026e+07
2025-09-23,002591,5.41,5.58,5.5197935,5.497,-0.019890904,0.0041464567,-0.011597991,0.03142333,5.5939e+06,3.0877172e+07
2025-09-24,002591,5.68,5.76,5.639969,5.654501,0.007097721,-0.002570033,0.001957655,0.014084578,3.6531e+06,2.060337e+07
2025-09-25,002591,5.78,5.71,5.792529,5.787333,-0.0021629333,0.00089788437,-0.0003671646,-0.01211077,2.5212e+06,1.4604124e+07
2025-09-26,002591,5.78,5.74,5.706666,5.7145004,0.012850642,-0.0013709664,0.010108709,-0.0069205165,2.6721e+06,1.5248782e+07
2025-09-29,002591,5.87,5.9,5.808617,5.787166,0.010567546,0.0037066936,0.017980933,0.0051107407,5.1413e+06,2.9863844e+07
2025-09-30,002591,5.87,5.83,5.899223,5.8866663,-0.0049536824,0.0021330118,-0.0006876588,-0.006814301,2.7908e+06,1.6463551e+07
2025-10-09,002591,5.81,6.22,5.8596973,5.850166,-0.0084812045,0.0016292334,-0.005222738,0.070567966,3.8267e+06,2.2423304e+07
2025-10-10,002591,6.19,6.1,6.2211413,6.2149997,-0.0050057173,0.000988245,-0.0030292273,-0.014539599,5.5315e+06,3.4412244e+07
2025-10-13,002591,6.02,6.06,5.9144793,6.0055003,0.0178411,-0.015156269,-0.012471437,0.0066444874,5.5805e+06,3.3005752e+07
2025-10-14,002591,6.09,6.01,6.094911,6.096166,-0.0008057356,-0.00020587444,-0.0012174845,-0.013136268,3.49945e+06,2.1328836e+07
2025-10-15,002591,6.05,6.04,6.054851,6.057166,-0.00080114603,-0.00038218498,-0.001565516,-0.001652956,2.6186e+06,1.5855233e+07
2025-10-16,002591,5.98,6.3,5.9912753,5.9901667,-0.001881957,0.00018513203,-0.001511693,0.05351174,2.0903e+06,1.2523563e+07
2025-10-17,002591,6.08,6.04,6.1886725,6.104999,-0.017559946,0.01370573,0.009851515,-0.0065789223,7.3313e+06,4.5371016e+07
2025-10-20,002591,6.06,6.22,6.128917,6.0898337,-0.011244595,0.0064178705,0.001591146,0.026402593,7.2543e+06,4.4461004e+07
2025-10-21,002591,6.22,6.4,6.2364893,6.2475004,-0.002644062,-0.0017625093,-0.0061690807,0.028939009,4.380902e+06,2.7321448e+07
2025-10-22,002591,6.43,6.47,6.3866844,6.394833,0.006782174,-0.0012742877,0.0042335987,0.0062208176,3.6748e+06,2.3469788e+07
2025-10-23,002591,6.43,6.45,6.4366307,6.4316664,-0.0010302067,0.00077188015,0.0005135536,0.0031104088,3.5143e+06,2.2620252e+07
2025-10-24,002591,6.56,6.63,6.5267324,6.5354996,0.005097151,-0.0013414621,0.0024142265,0.010670781,5.6866e+06,3.7114916e+07
2025-10-27,002591,6.37,6.42,6.416285,6.372,-0.0072137117,0.0069499016,0.0066860914,0.007849336,8.3467e+06,5.355481e+07
2025-10-28,002591,6.36,6.45,6.4079185,6.394999,-0.0074779987,0.0020202398,-0.003437519,0.014150858,3.97465e+06,2.5469234e+07
2025-10-29,002591,6.48,6.42,6.368623,6.352167,0.01748848,0.002590537,0.022669554,-0.009259224,4.5752e+06,2.9137722e+07
2025-10-30,002591,6.34,6.3,6.3340507,6.3666663,0.00093925,-0.0051229,-0.00930655,-0.0063091516,4.649086e+06,2.9447546e+07
2025-10-31,002591,6.39,6.51,6.3624635,6.3648343,0.0043278933,-0.00037246943,0.0035829544,0.018779397,3.512e+06,2.2344972e+07
2025-11-03,002591,7.11,6.78,6.8686423,6.7819996,0.035139084,0.012775421,0.060689926,-0.04641348,2.79939e+07,1.9228008e+08
2025-11-04,002591,6.84,6.83,6.9030466,6.7926664,-0.00913316,0.016249895,0.02336663,-0.0014620423,2.70765e+07,1.8691034e+08
2025-11-05,002591,7.46,7.46,7.258489,7.136166,0.027762055,0.017141223,0.0620445,0.0,5.550245e+07,4.028639e+08
2025-11-06,002591,8.21,8.21,8.21,8.209999,0.0,1.1920929e-07,2.3841858e-07,0.0,8.1724e+06,6.709541e+07
2025-11-07,002591,7.56,7.39,7.588774,7.499833,-0.0037916899,0.011859059,0.019926429,-0.022486806,7.03938e+07,5.3420266e+08
2025-11-10,002591,7.17,7.2,7.0804467,7.1075,0.012647986,-0.003806293,0.0050354004,0.0041840076,3.84536e+07,2.7226867e+08
2025-11-11,002591,7.13,7.06,7.1606975,7.149834,-0.004286945,0.0015193224,-0.0012483001,-0.009817719,1.76023e+07,1.26044744e+08
2025-11-12,002591,6.9,6.85,6.9200826,6.9178333,-0.002902031,0.00032508373,-0.0022518635,-0.007246375,1.69082e+07,1.1700614e+08
2025-11-13,002591,6.92,6.98,6.9048066,6.919501,0.002200365,-0.0021235943,-0.0020468235,0.0086705685,1.0018e+07,6.917235e+07
2025-11-14,002591,7.14,7.28,7.096973,7.113,0.006062746,-0.0022531748,0.0015563965,0.019607902,1.1809924e+07,8.381471e+07
2025-11-17,002591,7.32,7.52,7.354086,7.3363338,-0.004634917,0.0024197102,0.00020450354,0.027322412,1.5361424e+07,1.1296923e+08
2025-11-18,002591,7.28,7.35,7.358577,7.331833,-0.010678232,0.003647685,-0.0033828616,0.009615302,1.5021e+07,1.1053318e+08
2025-11-19,002591,7.09,7.14,7.191675,7.1811666,-0.014137864,0.001463294,-0.011211276,0.007052183,9.1552e+06,6.5841224e+07
2025-11-20,002591,7.16,7.19,7.197608,7.1868334,-0.0052250624,0.001499176,-0.0022267103,0.004189968,8.3283e+06,5.994384e+07
2025-11-21,002591,6.72,6.61,6.913783,6.9013333,-0.028028548,0.0018039942,-0.02442056,-0.016368985,1.23967e+07,8.57081e+07
2025-11-24,002591,6.67,6.81,6.722217,6.657334,-0.0077677965,0.009746075,0.011724353,0.020989537,1.16874e+07,7.856524e+07
2025-11-25,002591,7.21,7.15,7.0594754,7.0811663,0.02132237,-0.003063202,0.015195966,-0.008321762,1.15899e+07,8.1818616e+07
2025-11-26,002591,7.1,6.91,7.159017,7.1573334,-0.00824374,0.00023519993,-0.0077733397,-0.026760578,7.5953e+06,5.4374884e+07
2025-11-27,002591,6.98,6.99,6.944759,6.9554996,0.005074501,-0.0015442371,0.0019860268,0.0014326572,5.5482e+06,3.853091e+07
2025-11-28,002591,7.22,7.29,7.1739173,7.185,0.0064235926,-0.001542449,0.0033386946,0.0096952915,9.323e+06,6.688243e+07
2025-12-01,002591,7.21,7.18,7.239719,7.2453327,-0.004104972,-0.0007748008,-0.0056545734,-0.0041609406,6.1886e+06,4.4803724e+07
2025-12-02,002591,7.13,7.16,7.1107016,7.1210012,0.002714038,-0.0014463663,-0.00017869473,0.004207492,5.7484e+06,4.0875156e+07
2025-12-03,002591,7.03,7.09,7.108531,7.097501,-0.011047423,0.0015541315,-0.00793916,0.008534789,5.4869e+06,3.90038e+07
2025-12-04,002591,7.1,6.96,7.1110735,7.078666,-0.001557231,0.0045781136,0.007598996,-0.01971829,5.303e+06,3.7710024e+07
2025-12-05,002591,7.0,7.06,6.909238,6.9236665,0.013136387,-0.0020839572,0.0089684725,0.008571386,4.9098e+06,3.3922976e+07
2025-12-08,002591,7.1,7.11,7.1103573,7.109334,-0.0014566779,0.00014388561,-0.0011689067,0.0014084578,3.6384e+06,2.5870324e+07
2025-12-09,002591,7.12,7.03,7.0845838,7.085333,0.0049990416,-0.00010573864,0.0047875643,-0.012640417,4.1504e+06,2.9403856e+07
2025-12-10,002591,7.0,6.8,6.9827886,6.989667,0.0024648905,-0.0009840727,0.0004967451,-0.028571427,3.9943e+06,2.7891352e+07
2025-12-11,002591,6.72,6.54,6.6907253,6.694333,0.0043753386,-0.0005389452,0.0032974482,-0.026785672,6.1806e+06,4.1352696e+07
2025-12-12,002591,6.47,6.29,6.4763374,6.48,-0.000978589,-0.00056523085,-0.0021090508,-0.027820706,6.1522e+06,3.9843724e+07
2025-12-15,002591,6.52,6.5,6.4152274,6.444499,0.016331911,-0.0045421124,0.0072476864,-0.0030674934,7.4416e+06,4.7739556e+07
2025-12-16,002591,6.38,6.31,6.385363,6.385834,-0.00083988905,-7.379055e-05,-0.0009874701,-0.010971785,4.8658e+06,3.10699e+07
2025-12-17,002591,6.1,6.25,6.1868644,6.2275,-0.014040172,-0.006525159,-0.02709049,0.024590135,8.9485e+06,5.5363156e+07
2025-12-18,002591,6.35,6.3,6.298241,6.32,0.008217931,-0.0034428835,0.0013321638,-0.007873952,4.8617e+06,3.062016e+07
2025-12-19,002591,6.39,6.47,6.359264,6.3661675,0.0048332214,-0.0010844469,0.0026643276,0.012519598,2.7069e+06,1.7213892e+07
2025-12-22,002591,6.5,6.54,6.5513425,6.5373335,-0.007836938,0.0021429062,-0.0035511255,0.006153822,3.602e+06,2.3597936e+07
2025-12-23,002591,6.45,6.6,6.5081773,6.5026674,-0.008939147,0.00084733963,-0.0072444677,0.023255825,3.6521e+06,2.3768514e+07
2025-12-24,002591,6.58,6.63,6.5800242,6.584166,-3.695488e-06,-0.0006290674,-0.0012618303,0.0075987577,2.412e+06,1.5871019e+07
2025-12-25,002591,6.7,6.79,6.712486,6.710667,-0.0018601418,0.00027096272,-0.0013182163,0.01343286,3.145e+06,2.1110768e+07
2025-12-26,002591,7.45,7.45,7.2754655,7.2513347,0.023989439,0.0033277273,0.030644894,0.0,9.6562e+06,7.025335e+07
2025-12-29,002591,8.2,8.2,8.067071,8.200001,0.016477942,-0.016210973,-0.015944004,0.0,1.52861e+07,1.2331405e+08
2025-12-30,002591,9.02,9.02,9.02,9.020001,0.0,-1.1920929e-07,-2.3841858e-07,0.0,7.286955e+06,6.5728336e+07
2025-12-31,002591,8.12,8.12,8.480929,8.139166,-0.042557776,0.04199004,0.041422307,0.0,3.98158e+07,3.3767498e+08
