date,price_1030,price_1450,vwap_1030,twap_1030,X1_price_deviation,X2_energy_deviation,Y_afternoon_return,morning_volume,morning_amount,X1_quantile,X2_quantile
2025-01-02,11.57,11.42,11.644267223351427,11.658500000000002,-0.006378007471564362,-0.0012208068489577562,-0.012964563526361328,67909649,790758100.0,Q1(最低),Q1(最低)
2025-01-03,11.44,11.39,11.44148456636148,11.434833333333335,-0.00012975294883010857,0.0005816641864604399,-0.004370629370629264,42156391,482331697.0,Q3,Q5(最高)
2025-01-06,11.37,11.44,11.32369678005978,11.337833333333332,0.0040890550885956944,-0.0012468478639556801,0.006156552330694787,53587175,606804921.0,Q5(最高),Q1(最低)
2025-01-07,11.48,11.51,11.449255746260585,11.455333333333336,0.002685262205751382,-0.0005305465057979797,0.002613240418118501,25046767,286766841.0,Q5(最高),Q1(最低)
2025-01-08,11.55,11.51,11.578245126151325,11.576833333333331,-0.0024394997552373843,0.00012194982663604748,-0.0034632034632035014,43041601,498346207.0,Q1(最低),Q4
2025-01-09,11.43,11.44,11.417537570871572,11.426833333333336,0.0010915163669109607,-0.0008135029356425294,0.0008748906386701893,27815631,317586012.0,Q4,Q1(最低)
2025-01-10,11.32,11.32,11.345166585080836,11.339833333333335,-0.0022182649229611773,0.00047031129918151393,0.0,33269666,377449903.0,Q2,Q5(最高)
2025-01-13,11.17,11.2,11.172698563760047,11.177666666666664,-0.00024153195798193305,-0.00044446690483546103,0.0026857654431511335,57846671,646303418.0,Q3,Q1(最低)
2025-01-14,11.32,11.37,11.298582370774273,11.305833333333338,0.0018956032290500247,-0.0006413470237249808,0.004416961130741859,28511757,322142435.0,Q4,Q1(最低)
2025-01-15,11.48,11.49,11.49969140028107,11.495333333333333,-0.0017123416268882696,0.000379116187531503,0.0008710801393727596,59922284,689087774.0,Q2,Q5(最高)
2025-01-16,11.56,11.55,11.539113010071045,11.54,0.0018101035938140608,-7.686221221436806e-05,-0.0008650519031141446,41554677,479504114.0,Q4,Q3
2025-01-17,11.48,11.46,11.479140905490574,11.481666666666667,7.483961704957132e-05,-0.00021998210272256014,-0.0017421602787456303,31408698,360544870.0,Q3,Q2
2025-01-20,11.47,11.42,11.467771616999512,11.46666666666667,0.0001943170020219931,9.636194763151806e-05,-0.0043591979075850995,36510178,418690383.0,Q3,Q3
2025-01-21,11.4,11.33,11.383232451493287,11.384999999999998,0.001473004138162315,-0.00015525239408975544,-0.0061403508771930015,38715260,440704804.0,Q4,Q2
2025-01-22,11.2,11.12,11.247596737354117,11.24266666666667,-0.004231725093418848,0.00043851435194319777,-0.0071428571428571175,39037764,439081027.0,Q1(最低),Q5(最高)
2025-01-23,11.35,11.34,11.298381022523985,11.300166666666668,0.004568705673238416,-0.00015801927487935075,-0.0008810572687224516,81411880,919822440.0,Q5(最高),Q2
2025-01-24,11.36,11.35,11.30556375267776,11.319,0.004814996272020977,-0.0011870525066032256,-0.0008802816901408717,46855875,529732082.0,Q5(最高),Q1(最低)
2025-01-27,11.48,11.48,11.49593575079178,11.499833333333333,-0.0013862073638226668,-0.0003389251329630749,0.0,58460736,672060865.0,Q2,Q2
2025-02-05,11.43,11.36,11.431539103572957,11.424333333333331,-0.00013463660133716804,0.0006307387949371357,-0.006124234470691214,35715790,408286450.0,Q3,Q5(最高)
2025-02-06,11.32,11.36,11.358806532023914,11.350166666666665,-0.0034164268855628732,0.0007612104395455788,0.0035335689045936647,33794120,383860871.0,Q1(最低),Q5(最高)
2025-02-07,11.38,11.38,11.350510357082173,11.351999999999999,0.002598089600387654,-0.00013122294906842136,0.0,33793398,383572314.0,Q5(最高),Q2
2025-02-10,11.48,11.43,11.434226188879592,11.433,0.004003227709884483,0.00010724996760180794,-0.004355400696864131,55176824,630904286.0,Q5(最高),Q4
2025-02-11,11.42,11.4,11.43115543045024,11.429666666666664,-0.0009758795178764768,0.0001302543483543417,-0.0017513134851138146,34784915,397631770.0,Q2,Q4
2025-02-12,11.38,11.4,11.397522095096603,11.4,-0.0015373600463683967,-0.0002173600792453323,0.0017574692442881013,22494810,256385094.0,Q2,Q2
2025-02-13,11.49,11.5,11.463498426774418,11.465000000000002,0.00231182246805961,-0.00013097018975871677,0.0008703220191470518,57378294,657755983.0,Q4,Q2
2025-02-14,11.43,11.54,11.475575205177215,11.476,-0.003971496361825366,-3.7015930880568426e-05,0.00962379702537186,35262200,404654028.0,Q1(最低),Q3
2025-02-17,11.63,11.8,11.611129625263805,11.607833333333334,0.0016251971466356707,0.00028397133520230433,0.014617368873602654,62030624,720245616.0,Q4,Q4
2025-02-18,11.88,11.81,11.84360822099526,11.846833333333333,0.003072693585070674,-0.0002722341276634177,-0.005892255892255949,62173786,736361963.0,Q5(最高),Q2
2025-02-19,11.76,11.71,11.768880025859577,11.770166666666665,-0.0007545344875693472,-0.00010931372881328727,-0.00425170068027203,44687505,525921885.0,Q2,Q2
2025-02-20,11.71,11.67,11.711981935867106,11.710500000000001,-0.00016922292725163324,0.0001265476168486046,-0.003415883859948843,33783631,395673276.0,Q3,Q4
2025-02-21,11.57,11.63,11.609422652300752,11.6125,-0.003395746152194734,-0.0002650030311516227,0.005185825410544576,39842646,462550117.0,Q1(最低),Q2
2025-02-24,11.62,11.59,11.62993479309797,11.626166666666668,-0.0008542432330632677,0.0003241073811632855,-0.002581755593803692,39048167,454127636.0,Q2,Q5(最高)
2025-02-25,11.54,11.47,11.542347563172239,11.53983333333333,-0.00020338697647004356,0.00021787401657236138,-0.006065857885615089,29327083,338503385.0,Q3,Q4
2025-02-26,11.54,11.52,11.559110332051198,11.556833333333332,-0.0016532701481539736,0.000197026179420412,-0.0017331022530329143,39602146,457765575.0,Q2,Q4
2025-02-27,11.55,11.62,11.526010106239307,11.533166666666663,0.002081370182706044,-0.0006205199867648226,0.006060606060605878,31003026,357341191.0,Q4,Q1(最低)
2025-02-28,11.61,11.51,11.639904738996751,11.636666666666667,-0.002569156678453144,0.0002782645943928408,-0.008613264427217882,39175317,455996958.0,Q1(最低),Q4
2025-03-03,11.51,11.5,11.492267179285037,11.495833333333334,0.0015430219675824919,-0.0003102127479489569,-0.0008688097306689402,42013841,482834286.0,Q4,Q2
2025-03-04,11.53,11.51,11.479875271563937,11.492999999999997,0.004366312982530651,-0.001141975849304755,-0.0017346053772766545,37426269,429648900.0,Q5(最高),Q1(最低)
2025-03-05,11.61,11.67,11.570055122905334,11.566,0.0034524361958818695,0.0003506072026053797,0.0051679586563306845,42293852,489342199.0,Q5(最高),Q5(最高)
2025-03-06,11.66,11.65,11.64438771554524,11.645666666666665,0.0013407561510441202,-0.00010982206154719343,-0.0008576329331045907,38371585,446813613.0,Q4,Q2
2025-03-07,11.62,11.66,11.648900248771914,11.6465,-0.002480942248171636,0.00020609185351094794,0.003442340791738552,27719769,322904824.0,Q1(最低),Q4
2025-03-10,11.58,11.58,11.60671838136931,11.599333333333336,-0.0023019755017229526,0.0006366786627944876,0.0,31052420,360416694.0,Q1(最低),Q5(最高)
2025-03-11,11.56,11.58,11.550221869196937,11.556333333333328,0.0008465751492741092,-0.0005288411090360601,0.0017301038062282892,21034691,242955348.0,Q3,Q1(最低)
2025-03-12,11.79,11.84,11.706597467827384,11.688499999999998,0.007124404200437029,0.0015483139690624093,0.004240882103477617,76624792,897015596.0,Q5(最高),Q5(最高)
2025-03-13,11.86,11.82,11.858182392376687,11.858,0.00015327877099280407,1.5381377693302056e-05,-0.003372681281618828,54545942,646815729.0,Q3,Q3
2025-03-14,11.98,11.96,11.916364010441155,11.915833333333335,0.005340218669309449,4.453545907989742e-05,-0.0016694490818029983,63419038,755724342.0,Q5(最高),Q3
2025-03-17,11.54,11.51,11.563539008748503,11.546499999999996,-0.002035623240488449,0.0014756860302693742,-0.0025996533795493715,277041700,3203582505.0,Q2,Q5(最高)
2025-03-18,11.52,11.49,11.515299627416042,11.517166666666665,0.0004081850004811205,-0.00016210925001425291,-0.0026041666666666297,66902773,770405477.0,Q3,Q2
2025-03-19,11.48,11.53,11.484675354086239,11.483166666666671,-0.0004070950150606434,0.00013138252394684358,0.00435540069686402,44881298,515447137.0,Q3,Q4
2025-03-20,11.51,11.5,11.535482074116057,11.523666666666664,-0.0022090168362565166,0.0010253166627571808,-0.0008688097306689402,53354970,615475300.0,Q2,Q5(最高)
2025-03-21,11.5,11.42,11.494000198650935,11.495166666666666,0.0005219941922194327,-0.00010147465013388146,-0.006956521739130417,32589829,374587501.0,Q3,Q3
2025-03-24,11.4,11.39,11.410964965083195,11.411666666666665,-0.0009609147970173204,-6.148984227860588e-05,-0.0008771929824561431,34238814,390697907.0,Q2,Q3
2025-03-25,11.39,11.42,11.397162883710463,11.399666666666665,-0.0006284795421059863,-0.00021963650599743367,0.0026338893766462146,31230514,355939255.0,Q2,Q2
2025-03-26,11.38,11.39,11.389176481630626,11.389666666666665,-0.000805719504428204,-4.3037698150838466e-05,0.0008787346221441616,33027800,376159443.0,Q2,Q3
2025-03-27,11.38,11.39,11.373063877568667,11.376666666666665,0.0006098728105286,-0.00031668231157322424,0.0008787346221441616,25385985,288716429.0,Q3,Q2
2025-03-28,11.36,11.34,11.365452022547265,11.362166666666667,-0.0004797013384465476,0.0002891487140597171,-0.0017605633802816323,25017314,284333082.0,Q3,Q4
2025-03-31,11.35,11.26,11.346973358939323,11.348333333333334,0.00026673553950784523,-0.0001198391300347712,-0.007929515418502175,37381357,424165262.0,Q3,Q2
2025-04-01,11.27,11.26,11.269703735896924,11.274499999999996,2.6288544048513884e-05,-0.0004254081425404399,-0.0008873114463175957,26152274,294728380.0,Q3,Q1(最低)
2025-04-02,11.34,11.37,11.310598766868958,11.320166666666667,0.0025994409082181757,-0.0008452083860109871,0.002645502645502562,33230045,375851706.0,Q5(最高),Q1(最低)
2025-04-03,11.38,11.34,11.340703250345614,11.351666666666667,0.0034651069503286447,-0.0009657979434196662,-0.0035149384885765356,26148327,296540417.0,Q5(最高),Q1(最低)
2025-04-07,10.87,10.55,10.911449663414512,10.887333333333334,-0.003798731121263499,0.002215081447661804,-0.029438822447101942,124651542,1360129026.0,Q1(最低),Q5(最高)
2025-04-08,10.77,10.83,10.755582717393473,10.772333333333332,0.0013404464439858987,-0.001554966358869203,0.005571030640668662,72748309,782450455.0,Q4,Q1(最低)
2025-04-09,10.78,10.8,10.73654558221216,10.740499999999997,0.00404733696281534,-0.00036817818424061954,0.0018552875695734272,59025854,633733772.0,Q5(最高),Q2
2025-04-10,10.91,10.9,10.874180072496248,10.884166666666665,0.0032940347929633074,-0.0009175341095245537,-0.0009165902841429263,47275826,514085845.0,Q5(最高),Q1(最低)
2025-04-11,10.84,10.89,10.851293235245844,10.846166666666667,-0.0010407271281881458,0.00047266179256988394,0.004612546125461359,23072871,250370489.0,Q2,Q5(最高)
2025-04-14,10.96,10.95,11.00005685332308,10.998000000000001,-0.003641513299177057,0.00018702066949249918,-0.0009124087591242391,43621021,479833711.0,Q1(最低),Q4
2025-04-15,10.91,10.95,10.921917050865373,10.918833333333332,-0.0010911134748481377,0.000282421888667006,0.0036663611365719273,24135948,263610822.0,Q2,Q4
2025-04-16,10.92,10.97,10.932712416289478,10.932666666666666,-0.0011627870381495375,4.184671883455948e-06,0.0045787545787545625,22082499,241421611.0,Q2,Q3
2025-04-17,11.01,11.07,10.975463975468918,10.9825,0.003146657363030325,-0.0006406578220881087,0.005449591280654031,35206926,386412348.0,Q5(最高),Q1(最低)
2025-04-18,11.13,11.17,11.109086489864307,11.115999999999998,0.0018825589444078084,-0.0006219422576188016,0.003593890386343057,26429964,293612756.0,Q4,Q1(最低)
2025-04-21,11.05,11.03,11.062834056184862,11.090499999999997,-0.0011601056401714382,-0.0024945623565335584,-0.0018099547511313263,61941489,685248414.0,Q2,Q1(最低)
2025-04-22,10.99,11.04,11.028465820657967,11.029,-0.003487866878629231,-4.843406854948551e-05,0.0045495905368515555,34091060,375972090.0,Q1(最低),Q3
2025-04-23,11.02,11.01,11.01552721287779,11.014833333333332,0.00040604385389553244,6.299501076956204e-05,-0.0009074410163338875,33716096,371400573.0,Q3,Q3
2025-04-24,11.04,11.01,11.033924214810853,11.035499999999995,0.0005506459053787882,-0.0001427923690945354,-0.0027173913043477826,26214225,289245772.0,Q3,Q2
2025-04-25,11.03,11.02,11.022547352665649,11.021999999999998,0.0006761274953877017,4.966001321449198e-05,-0.0009066183136898776,23565516,259752016.0,Q3,Q3
2025-04-28,11.02,11.02,10.993521337905408,10.993666666666664,0.0024085696730578032,-1.3219316690515903e-05,0.0,32989836,362674466.0,Q4,Q3
2025-04-29,10.99,10.98,10.994393489364617,10.996333333333332,-0.00039961179931091717,-0.00017640825445286445,-0.0009099181073702889,24413224,268408591.0,Q3,Q2
2025-04-30,10.93,10.9,10.932435200648452,10.9335,-0.0002227500647163927,-9.738870000897126e-05,-0.0027447392497712553,36705267,401277953.0,Q3,Q3
2025-05-06,10.98,10.95,10.936001804588095,10.932666666666668,0.00402324324722092,0.0003050617038928838,-0.002732240437158584,33811594,369763653.0,Q5(最高),Q4
2025-05-07,11.01,11.02,10.99822443032413,10.994666666666667,0.0010706791583015018,0.0003235899518672092,0.0009082652134422275,45160154,496681509.0,Q4,Q4
2025-05-08,11.04,11.08,11.036183656601253,11.03683333333333,0.0003458028171237082,-5.8864414497872275e-05,0.0036231884057971175,35909997,396309322.0,Q3,Q3
2025-05-09,11.15,11.14,11.120015803954775,11.123666666666667,0.002696416675465718,-0.00032820677041967006,-0.0008968609865470656,42842441,476408621.0,Q5(最高),Q2
2025-05-12,11.19,11.16,11.182389958349493,11.184166666666666,0.0006805380315701992,-0.00015885924898351167,-0.002680965147452974,45298848,506549383.0,Q3,Q2
2025-05-13,11.28,11.29,11.221040220387852,11.215,0.00525439517675208,0.0005385840738165726,0.0008865248226950229,51610467,579123126.0,Q5(最高),Q5(最高)
2025-05-14,11.3,11.42,11.280526398499633,11.281999999999995,0.0017263025511786712,-0.0001306152721468612,0.010619469026548645,41031044,462851775.0,Q4,Q2
2025-05-15,11.43,11.41,11.45263882291592,11.441833333333333,-0.001976734206497688,0.0009443844590104611,-0.0017497812773402677,55012009,630032670.0,Q2,Q5(最高)
2025-05-16,11.32,11.39,11.366050780139139,11.365833333333336,-0.004051607812592839,1.913162013078562e-05,0.006183745583038913,42787752,486327762.0,Q1(最低),Q3
2025-05-19,11.43,11.37,11.445961640807376,11.447166666666671,-0.0013945216058097731,-0.00010526848209557738,-0.005249343832021025,39207186,448763947.0,Q2,Q2
2025-05-20,11.4,11.4,11.429979497745949,11.424333333333331,-0.0026228828977218344,0.0004942226603406041,0.0,27749144,317172147.0,Q1(最低),Q5(最高)
2025-05-21,11.56,11.48,11.481123000796364,11.464999999999998,0.0068701466919365295,0.0014062800520162622,-0.00692041522491349,63955716,734283442.0,Q5(最高),Q5(最高)
2025-05-22,11.51,11.55,11.472936082605973,11.473999999999998,0.0032305520685520506,-9.27241933088574e-05,0.0034752389226759828,27701145,317813466.0,Q5(最高),Q3
2025-05-23,11.53,11.47,11.565332790859241,11.561666666666666,-0.00305506045508408,0.00031709305399241217,-0.005203816131829853,35830897,414396248.0,Q1(最低),Q4
2025-05-26,11.46,11.42,11.459871531849657,11.472500000000002,1.1210260951521889e-05,-0.0011007599172233595,-0.003490401396160636,28240774,323635642.0,Q3,Q1(最低)
2025-05-27,11.52,11.49,11.501775443361094,11.506333333333332,0.0015844994304270443,-0.0003961201053539476,-0.0026041666666666297,47223979,543159602.0,Q4,Q1(最低)
2025-05-28,11.46,11.53,11.495295453626655,11.490500000000003,-0.0030704259641729514,0.000417340727266291,0.006108202443280808,27605212,317330068.0,Q1(最低),Q5(最高)
2025-05-29,11.51,11.46,11.501408281214136,11.503333333333334,0.0007470145025540997,-0.00016734732997947255,-0.004344048653344812,29965606,344646669.0,Q3,Q2
2025-05-30,11.46,11.57,11.485562653256704,11.477500000000001,-0.0022256335217025747,0.0007024746901940215,0.009598603839441555,30452583,349765050.0,Q2,Q5(最高)
2025-06-03,11.78,11.81,11.70193727003777,11.722166666666665,0.006670923639464643,-0.0017257386969610211,0.002546689303905003,101672403,1189764082.0,Q5(最高),Q1(最低)
2025-06-04,11.8,11.84,11.830277581728472,11.827166666666665,-0.0025593297806667525,0.00026303130322613555,0.003389830508474523,58260571,689238727.0,Q1(最低),Q4
2025-06-05,11.73,11.68,11.79189600678691,11.783833333333336,-0.005249029227469837,0.0006842148242853785,-0.004262574595055524,41465706,488959293.0,Q1(最低),Q5(最高)
2025-06-06,11.72,11.7,11.737543215508573,11.733333333333336,-0.0014946241463369425,0.00035879677629857554,-0.0017064846416383617,35743534,419541275.0,Q2,Q5(最高)
2025-06-09,11.72,11.72,11.698675551582928,11.704000000000004,0.0018228087720739694,-0.0004549255311924183,0.0,40776824,477034834.0,Q4,Q1(最低)
2025-06-10,11.85,11.8,11.819878066710972,11.827666666666667,0.0025484132001210025,-0.0006585068868778521,-0.00421940928270037,57484876,679464225.0,Q4,Q1(最低)
2025-06-11,11.86,11.86,11.87960167658639,11.873000000000001,-0.0016500281002707062,0.0005560243061053516,0.0,56356416,669491774.0,Q2,Q5(最高)
2025-06-12,11.63,11.68,11.58989113370198,11.604333333333333,0.003460676708290089,-0.001244552290640133,0.004299226139294898,60895889,705776724.0,Q5(最高),Q1(最低)
2025-06-13,11.61,11.57,11.670156445347773,11.661666666666667,-0.005154724842763803,0.0007280073186599623,-0.003445305770887086,41584490,485297504.0,Q1(最低),Q5(最高)
2025-06-16,11.6,11.78,11.581642842524486,11.585333333333335,0.001585021894140226,-0.00031854852188240024,0.01551724137931032,37057088,429181958.0,Q4,Q2
2025-06-17,11.75,11.76,11.813977881732525,11.803666666666667,-0.005415439437333913,0.0008735603399387948,0.0008510638297871687,41125373,485854247.0,Q1(最低),Q5(最高)
2025-06-18,11.69,11.77,11.742059990413235,11.742333333333335,-0.004433633489842492,-2.327841599625291e-05,0.006843455945252375,30723609,360758460.0,Q1(最低),Q3
2025-06-19,11.73,11.69,11.706283242806435,11.707,0.0020259852509667553,-6.122466845182029e-05,-0.0034100596760444635,31481435,368530595.0,Q4,Q3
2025-06-20,11.78,11.82,11.735140908432884,11.737499999999999,0.0038226291373186783,-0.00020098756695330344,0.00339558573853993,46544198,546202722.0,Q5(最高),Q2
2025-06-23,11.81,11.93,11.772670599346311,11.782166666666663,0.003170852385503853,-0.0008059695291204871,0.0101608806096527,50559250,595217396.0,Q5(最高),Q1(最低)
2025-06-24,11.87,11.93,11.939854601058016,11.946833333333334,-0.005850540345091582,-0.0005841491281080025,0.005054759898904804,66135832,789652218.0,Q1(最低),Q1(最低)
2025-06-25,11.88,12.05,11.897709264115663,11.897,-0.0014884599818786315,5.961705603629852e-05,0.014309764309764272,48499524,577033236.0,Q2,Q3
2025-06-26,12.14,12.41,12.122004824742946,12.113333333333333,0.0014845048749958512,0.0007158633524722013,0.02224052718286651,57709603,699556086.0,Q4,Q5(最高)
2025-06-27,12.51,12.16,12.488140930186939,12.5055,0.0017503862212366883,-0.0013881148145264977,-0.027977617905675434,93423221,1166682350.0,Q4,Q1(最低)
2025-06-30,12.03,12.07,12.058204597922725,12.048499999999997,-0.0023390379300400888,0.000805461088328574,0.0033250207813799726,79617954,960049579.0,Q1(最低),Q5(最高)
2025-07-01,12.16,12.3,12.145454699428127,12.153833333333331,0.0011975920977711496,-0.0006893819978776028,0.011513157894736947,50776125,616699126.0,Q4,Q1(最低)
2025-07-02,12.36,12.32,12.322444152636232,12.32666666666667,0.003047759592055721,-0.0003425511652599411,-0.003236245954692518,56476211,695924956.0,Q5(最高),Q2
2025-07-03,12.32,12.34,12.338850963816446,12.337500000000004,-0.0015277730375159448,0.00010950061328807159,0.0016233766233766378,41937809,517464375.0,Q2,Q4
2025-07-04,12.46,12.58,12.393979824256446,12.392833333333336,0.005326793869257829,9.251241360819229e-05,0.009630818619582593,50050200,620321169.0,Q5(最高),Q3
2025-07-07,12.74,12.77,12.683693274589656,12.69566666666667,0.004439300461731355,-0.0009431085732938271,0.0023547880690737433,63602647,806716466.0,Q5(最高),Q1(最低)
2025-07-08,12.73,12.69,12.752298332252316,12.750833333333333,-0.0017485736038592714,0.00011489436656297869,-0.003142183817753441,40431056,515588888.0,Q2,Q4
2025-07-09,12.79,12.82,12.728369355786796,12.728833333333334,0.00484199055593737,-3.6450909080776306e-05,0.0023455824863174435,42787341,544613080.0,Q5(最高),Q3
2025-07-10,13.08,13.16,12.96428983664091,12.954833333333337,0.008925299018852417,0.0007299594725962422,0.006116207951070374,78881745,1022645805.0,Q5(最高),Q5(最高)
2025-07-11,13.21,12.92,13.21404224778521,13.220833333333335,-0.0003059054685470297,-0.0005136654684998465,-0.02195306585919765,85158973,1125294267.0,Q3,Q1(最低)
2025-07-14,13.11,12.98,13.01520423289591,13.027166666666668,0.007283463663558587,-0.0009182682679087506,-0.009916094584286772,90864696,1182622576.0,Q5(最高),Q1(最低)
2025-07-15,12.88,12.73,12.92273761203977,12.924333333333333,-0.0033071639557202825,-0.00012346642974980782,-0.01164596273291929,66182526,855259418.0,Q1(最低),Q2
2025-07-16,12.54,12.64,12.57991657701731,12.571166666666665,-0.003173039882492956,0.0006960300967009392,0.00797448165869219,99174349,1247605037.0,Q1(最低),Q5(最高)
2025-07-17,12.58,12.58,12.621726653478524,12.611666666666668,-0.0033059386107862077,0.0007976730655627762,0.0,40119874,506382083.0,Q1(最低),Q5(最高)
2025-07-18,12.7,12.68,12.68208593643837,12.690833333333336,0.0014125486652127872,-0.0006892689128609186,-0.0015748031496062298,52543020,666355095.0,Q4,Q1(最低)
2025-07-21,12.6,12.59,12.623744730544713,12.623833333333334,-0.0018809577547350687,-7.018691254967457e-06,-0.0007936507936507908,50272274,634624354.0,Q2,Q3
2025-07-22,12.38,12.48,12.42754785283534,12.4265,-0.0038260044055667963,8.432405225455852e-05,0.008077544426494221,97701473,1214189731.0,Q1(最低),Q3
2025-07-23,12.54,12.51,12.526906888563804,12.525666666666666,0.0010451990705022673,9.901444211646293e-05,-0.0023923444976076125,53065909,664751701.0,Q4,Q4
2025-07-24,12.36,12.34,12.415128003327823,12.410166666666667,-0.004440389443672754,0.00039978001862639445,-0.0016181229773462036,80206196,995770190.0,Q1(最低),Q5(最高)
2025-07-25,12.4,12.35,12.404593986370271,12.400833333333333,-0.0003703455651444809,0.00030325809047271335,-0.0040322580645162365,53763503,666914426.0,Q3,Q4
2025-07-28,12.52,12.46,12.437129935070692,12.447,0.00666311804748676,-0.0007929673760189715,-0.004792332268370503,66302723,824615581.0,Q5(最高),Q1(最低)
2025-07-29,12.39,12.35,12.444260312148199,12.442166666666667,-0.004360268170799042,0.00016827016850218257,-0.0032284100080710587,35717073,444472554.0,Q1(最低),Q4
2025-07-30,12.57,12.49,12.532856776576198,12.514333333333333,0.0029636677483797502,0.001480178188439707,-0.006364359586316648,102844553,1288936053.0,Q5(最高),Q5(最高)
2025-07-31,12.3,12.23,12.35383779892304,12.342999999999998,-0.0043579816895226164,0.0008780522501046217,-0.005691056910569148,76266411,942182871.0,Q1(最低),Q5(最高)
2025-08-01,12.26,12.28,12.235252942804332,12.2325,0.0020226028273671037,0.0002250515270247888,0.0016313213703098572,53003524,648511523.0,Q4,Q4
2025-08-04,12.3,12.29,12.321918684441671,12.32333333333333,-0.00177883696549197,-0.00011479433797612071,-0.0008130081300814496,53537725,659687494.0,Q2,Q2
2025-08-05,12.37,12.48,12.346836608186544,12.347,0.0018760588277402235,-1.3233320924510572e-05,0.008892481810832686,37039879,457325334.0,Q4,Q3
2025-08-06,12.45,12.46,12.46508073521048,12.456500000000004,-0.0012098385506545961,0.0006888560358428997,0.0008032128514057213,28765640,358566025.0,Q2,Q5(最高)
2025-08-07,12.46,12.47,12.472559761815377,12.480166666666669,-0.0010069915121856399,-0.0006095194923645408,0.0008025682182986049,36631752,456891716.0,Q2,Q1(最低)
2025-08-08,12.45,12.41,12.47946123004938,12.47116666666667,-0.0023607774010659943,0.0006650992328471883,-0.003212851405622441,34561393,431307564.0,Q1(最低),Q5(最高)
2025-08-11,12.3,12.3,12.313186393010595,12.312999999999997,-0.0010709163810009859,1.513790388996128e-05,0.0,46513713,572732018.0,Q2,Q3
2025-08-12,12.37,12.33,12.356222122865303,12.356833333333334,0.0011150557992316568,-4.946335776678801e-05,-0.003233629749393674,32929541,406884723.0,Q4,Q3
2025-08-13,12.3,12.25,12.325950728174762,12.323499999999997,-0.002105373349857942,0.000198866245365803,-0.004065040650406582,31992320,394335760.0,Q2,Q4
2025-08-14,12.32,12.19,12.311313484221769,12.311333333333339,0.0007055718132240596,-1.612263353822918e-06,-0.010551948051948146,49865540,613910295.0,Q3,Q3
2025-08-15,11.95,12.08,12.039130886857121,12.030333333333337,-0.007403431999765342,0.0007312809445942925,0.01087866108786617,106388772,1280828351.0,Q1(最低),Q5(最高)
2025-08-18,12.06,12.07,12.05962065101323,12.059833333333328,3.1456129321760784e-05,-1.763559364542644e-05,0.0008291873963515162,47814758,576627843.0,Q3,Q3
2025-08-19,12.08,12.05,12.086004807051562,12.083,-0.000496839704056673,0.0002486805471788589,-0.002483443708609201,39347196,475550400.0,Q3,Q4
2025-08-20,12.08,12.06,12.07417440813491,12.079500000000003,0.00048248366042868973,-0.0004408785020152406,-0.0016556291390728006,49064982,592419150.0,Q3,Q1(最低)
2025-08-21,12.17,12.14,12.118000146455127,12.114499999999998,0.004291125013732966,0.00028892207314612506,-0.0024650780608052036,64961877,787208035.0,Q5(最高),Q4
2025-08-22,12.01,12.05,12.056025677325456,12.049,-0.003817649245059229,0.0005830921508387377,0.0033305578684430515,70421353,849001640.0,Q1(最低),Q5(最高)
2025-08-25,12.39,12.44,12.288151138223029,12.328000000000001,0.00828837964567053,-0.0032323865815194752,0.004035512510088601,172748306,2122757293.0,Q5(最高),Q1(最低)
2025-08-26,12.34,12.33,12.379845143767668,12.364666666666668,-0.003218549449120256,0.0012275686446054923,-0.0008103727714748876,63152899,781823110.0,Q1(最低),Q5(最高)
2025-08-27,12.27,12.08,12.291852145584036,12.293499999999998,-0.0017777748483484013,-0.00013404273933070865,-0.015484922575387028,52438799,644569964.0,Q2,Q2
2025-08-28,12.04,12.07,12.04341102632755,12.042166666666663,-0.00028322759391796737,0.00010333353584379701,0.002491694352159568,49195727,592484361.0,Q3,Q4
2025-08-29,12.13,12.09,12.150811233840846,12.162166666666666,-0.001712744395442889,-0.0009336685754308682,-0.0032976092333059093,87916574,1068257695.0,Q2,Q1(最低)
2025-09-01,11.95,11.88,11.94730653734249,11.946500000000004,0.00022544517871803116,6.75124381606107e-05,-0.0058577405857739295,82433053,984852953.0,Q3,Q3
2025-09-02,11.92,11.97,11.893585295808865,11.893333333333333,0.002220920230037171,2.118518572302719e-05,0.004194630872483174,50717023,603207239.0,Q4,Q3
2025-09-03,11.86,11.75,11.926190179984697,11.919500000000001,-0.005549985283295422,0.0005612802537602324,-0.009274873524451888,47352859,564739202.0,Q1(最低),Q5(最高)
2025-09-04,11.73,11.76,11.664289082390475,11.677000000000001,0.005633512436581167,-0.0010885430855122058,0.002557544757033181,60050728,700449051.0,Q5(最高),Q1(最低)
2025-09-05,11.68,11.72,11.67258745690797,11.672166666666664,0.0006350385567377437,3.605073962043015e-05,0.0034246575342467,31730055,370371842.0,Q3,Q3
2025-09-08,11.71,11.7,11.728207038028838,11.728500000000002,-0.0015524144457716993,-2.4978639311390438e-05,-0.000853970964987294,39109530,458684665.0,Q2,Q3
2025-09-09,11.73,11.74,11.735808777758125,11.731333333333335,-0.0004949618614383811,0.00038149495011552403,0.0008525149190110604,34289735,402417773.0,Q3,Q5(最高)
2025-09-10,11.74,11.77,11.738675619087072,11.738000000000001,0.00011282200444950874,5.755827969600169e-05,0.0025553662691650825,24352148,285861966.0,Q3,Q3
2025-09-11,11.73,11.84,11.744863211763917,11.741166666666667,-0.0012655074389482657,0.0003148362681661965,0.009377664109121886,29480386,346243101.0,Q2,Q4
2025-09-12,11.8,11.72,11.827899292557452,11.819833333333328,-0.0023587698768290366,0.0006824088797747763,-0.006779661016949157,29434051,348142991.0,Q1(最低),Q5(最高)
2025-09-15,11.68,11.64,11.673632961284726,11.672166666666664,0.0005454204990331668,0.00012562317348074892,-0.003424657534246478,28686843,334879676.0,Q3,Q4
2025-09-16,11.65,11.64,11.642138853923052,11.640166666666664,0.000675232118048319,0.0001694294689127407,-0.0008583690987123971,21890415,254851251.0,Q3,Q4
2025-09-17,11.64,11.65,11.618848920173276,11.62283333333333,0.0018204109522417244,-0.00034280911080675214,0.0008591065292096189,28567037,331916087.0,Q4,Q2
2025-09-18,11.56,11.41,11.595842936770751,11.593166666666667,-0.0030910160620657434,0.00023084892860025796,-0.012975778546712835,33658521,390298923.0,Q1(最低),Q4
2025-09-19,11.4,11.49,11.408863340633218,11.410499999999997,-0.0007768820055588099,-0.00014343450039699945,0.007894736842105177,31021035,353914749.0,Q2,Q2
2025-09-22,11.42,11.38,11.420240071149946,11.41683333333333,-2.1021550199562533e-05,0.0002983960365499083,-0.003502626970227629,21028266,240147846.0,Q3,Q4
2025-09-23,11.51,11.53,11.477569766527191,11.475666666666665,0.0028255313740184196,0.00016583784766543985,0.0017376194613378804,67046694,769533108.0,Q5(最高),Q4
2025-09-24,11.49,11.45,11.549444482278938,11.559000000000001,-0.005146955974388856,-0.000826673390523669,-0.003481288076588429,48794393,563548133.0,Q1(最低),Q1(最低)
2025-09-25,11.39,11.44,11.39904800240465,11.4025,-0.000793750706439722,-0.0003027404161675129,0.004389815627743543,37903247,432060932.0,Q2,Q2
2025-09-26,11.34,11.42,11.35215660416369,11.354333333333335,-0.001070862972347597,-0.00019170911278898473,0.007054673721340388,32569862,369738174.0,Q2,Q2
2025-09-29,11.28,11.38,11.314260219811255,11.313499999999998,-0.0030280565539111404,6.719581131009456e-05,0.00886524822695045,42491000,480754231.0,Q1(最低),Q3
2025-09-30,11.31,11.32,11.3196412856023,11.3165,-0.0008517306652254808,0.00027758455373128044,0.0008841732979663064,38270000,433202672.0,Q2,Q4
2025-10-09,11.32,11.39,11.301039128003403,11.30316666666667,0.001677798986609469,-0.00018822501038939787,0.006183745583038913,36604730,413671486.0,Q4,Q2
2025-10-10,11.43,11.42,11.444755215098,11.447166666666664,-0.0012892556302589453,-0.00021065925209995395,-0.0008748906386701893,53430971,611504384.0,Q2,Q2
2025-10-13,11.35,11.4,11.320851740177174,11.327666666666667,0.002574740884502491,-0.0006016178521166538,0.004405286343612369,53906580,610268400.0,Q4,Q1(最低)
2025-10-14,11.52,11.57,11.44004768808074,11.435999999999998,0.006988809321359701,0.0003539426443461835,0.004340277777777901,57166486,653987326.0,Q5(最高),Q5(最高)
2025-10-15,11.35,11.39,11.352561501234275,11.360833333333336,-0.00022563200683800577,-0.0007281008229202968,0.0035242290748900285,74141073,841691091.0,Q3,Q1(最低)
2025-10-16,11.42,11.53,11.430506552835046,11.431666666666665,-0.0009191677364850381,-0.00010148247542951516,0.009632224168126147,39861449,455636554.0,Q2,Q2
2025-10-17,11.46,11.39,11.516635537600838,11.516000000000002,-0.004917715544260015,5.5187356793551245e-05,-0.00610820244328103,44735254,515199616.0,Q1(最低),Q3
2025-10-20,11.35,11.43,11.325799490722302,11.32666666666667,0.0021367594665191447,-7.656056012661505e-05,0.007048458149779835,59550222,674453874.0,Q4,Q3
2025-10-21,11.43,11.45,11.427603026355902,11.42783333333333,0.00020975296731684523,-2.015316208336948e-05,0.0017497812773403787,24536440,280392696.0,Q3,Q3
2025-10-22,11.48,11.54,11.466677783298932,11.465000000000002,0.0011618200975762605,0.00014633958124110613,0.00522648083623678,31394400,359989469.0,Q4,Q4
2025-10-23,11.54,11.64,11.615453349264824,11.598499999999998,-0.006495945271873582,0.0014616846372226266,0.008665511265164794,80299667,932717036.0,Q1(最低),Q5(最高)
2025-10-24,11.59,11.55,11.625165604470252,11.624833333333337,-0.0030249551418630727,2.858287318097119e-05,-0.003451251078515849,49689178,577644923.0,Q1(最低),Q3
2025-10-27,11.54,11.53,11.499488543574552,11.511499999999996,0.0035228920201049174,-0.0010434310407370084,-0.0008665511265164572,66000735,758974696.0,Q5(最高),Q1(最低)
2025-10-28,11.48,11.47,11.486274575793217,11.4855,-0.0005462672646221467,6.743944915044153e-05,-0.0008710801393727596,43084825,494884130.0,Q2,Q3
2025-10-29,11.42,11.37,11.40618669305648,11.405499999999998,0.0012110363713342398,6.0207185698324395e-05,-0.004378283712784703,38208684,435815383.0,Q4,Q3
2025-10-30,11.45,11.37,11.425458209728575,11.42666666666667,0.0021479917759907874,-0.00010575760835129788,-0.006986899563318771,38894471,444387153.0,Q4,Q2
2025-10-31,11.31,11.34,11.33398274785313,11.330666666666668,-0.002116003560855173,0.00029266426098462084,0.0026525198938991412,56381041,639021746.0,Q2,Q4
2025-11-03,11.41,11.43,11.36217904533392,11.35833333333333,0.004208783761924462,0.0003385806603601882,0.0017528483786151128,47085427,534993052.0,Q5(最高),Q5(最高)
2025-11-04,11.64,11.57,11.526834993227626,11.509833333333336,0.00981752639287925,0.0014771421446260202,-0.006013745704467333,72734451,838398015.0,Q5(最高),Q5(最高)
2025-11-05,11.55,11.54,11.545900777046118,11.548666666666664,0.00035503708485284946,-0.00023949861056515864,-0.0008658008658010141,39007466,450376332.0,Q3,Q2
2025-11-06,11.53,11.5,11.523552791305663,11.52883333333333,0.0005594809874260864,-0.0004580291756320909,-0.002601908065914982,30250682,348595331.0,Q3,Q1(最低)
2025-11-07,11.54,11.55,11.54113631279978,11.539999999999997,-9.845761881532855e-05,9.846731367280093e-05,0.0008665511265166792,29640430,342084243.0,Q3,Q3
2025-11-10,11.56,11.63,11.531301833476878,11.542166666666663,0.002488718701283865,-0.0009413166092258063,0.006055363321799234,32869081,379023294.0,Q4,Q1(最低)
2025-11-11,11.68,11.65,11.637116721144352,11.619499999999997,0.0036850432872026495,0.0015161341834291076,-0.0025684931506848585,34912766,406283933.0,Q5(最高),Q5(最高)
2025-11-12,11.76,11.7,11.724994792989639,11.725166666666667,0.0029855200474195875,-1.4658527414890266e-05,-0.005102040816326592,48108220,564068629.0,Q5(最高),Q3
2025-11-13,11.61,11.7,11.647629177210353,11.6445,-0.0032306297391385685,0.00026872576841885376,0.007751937984496138,33104330,385586960.0,Q1(最低),Q4
2025-11-14,11.78,11.78,11.758146162774414,11.763499999999997,0.0018586124821933225,-0.00045512281426296486,0.0,51826794,609387019.0,Q4,Q1(最低)
2025-11-17,11.65,11.67,11.661643279716554,11.659333333333333,-0.0009984253022732315,0.0001981199368077391,0.0017167381974247942,44986912,524621320.0,Q2,Q4
2025-11-18,11.63,11.6,11.646642344043993,11.647166666666665,-0.0014289392214832386,-4.501718209048988e-05,-0.00257953568357705,22812507,265689110.0,Q2,Q3
2025-11-19,11.69,11.81,11.653444368831327,11.64066666666667,0.003136894982435079,0.001097677867647029,0.010265183917878673,36129827,421036929.0,Q5(最高),Q5(最高)
2025-11-20,11.89,11.85,11.878839672977229,11.881999999999998,0.0009395132294074404,-0.0002659760160552693,-0.003364171572750263,60746840,721601973.0,Q3,Q2
2025-11-21,11.75,11.68,11.8021138994614,11.799166666666668,-0.004415641122034741,0.0002497831311305543,-0.005957446808510625,55446724,654388552.0,Q1(最低),Q4
2025-11-24,11.72,11.62,11.674853122440004,11.674166666666672,0.0038670188897897972,5.880126547208597e-05,-0.008532423208191253,43493710,507782676.0,Q5(最高),Q3
2025-11-25,11.71,11.79,11.643058896154164,11.64916666666667,0.005749443032358803,-0.0005243096512630441,0.0068317677198974636,41586858,484198237.0,Q5(最高),Q1(最低)
2025-11-26,11.74,11.69,11.770565345408583,11.762,-0.0025967610315765777,0.0007282218507551619,-0.004258943781942137,30795775,362483682.0,Q1(最低),Q5(最高)
2025-11-27,11.64,11.7,11.613224762758662,11.614166666666666,0.0023055815923929135,-8.109956874535751e-05,0.005154639175257714,43712028,507637606.0,Q4,Q3
2025-11-28,11.61,11.59,11.635819540643023,11.632166666666668,-0.0022189705291353334,0.00031403212153269244,-0.0017226528854435985,25451404,296147944.0,Q2,Q4
2025-12-01,11.65,11.69,11.588788465246001,11.595166666666668,0.005281961521479861,-0.0005500741476189841,0.0034334763948498104,46407509,537806805.0,Q5(最高),Q1(最低)
2025-12-02,11.65,11.64,11.68759673388899,11.679,-0.0032168062215882642,0.0007360847580262231,-0.0008583690987123971,32140365,375643625.0,Q1(最低),Q5(最高)
2025-12-03,11.69,11.55,11.668710179565457,11.667333333333334,0.0018245221714243698,0.00011800864797351096,-0.011976047904191489,30997276,361698230.0,Q4,Q4
2025-12-04,11.47,11.49,11.509477087081846,11.513333333333334,-0.0034299635668204598,-0.0003349374277493711,0.0017436791630338622,44860567,516321668.0,Q1(最低),Q2
2025-12-05,11.45,11.52,11.490345095993963,11.489500000000003,-0.0035112170832910516,7.355376595663543e-05,0.006113537117903967,28266309,324789645.0,Q1(最低),Q3
2025-12-08,11.55,11.52,11.5379390639007,11.536166666666663,0.0010453284622586878,0.000153638317237359,-0.0025974025974027093,36293265,418749480.0,Q4,Q4
2025-12-09,11.51,11.44,11.495974141028153,11.492833333333332,0.0012200670251849566,0.0002732840200259101,-0.006081668114682914,24494400,281586989.0,Q4,Q4
2025-12-10,11.33,11.32,11.38098341296946,11.387333333333334,-0.004479701895651722,-0.0005576301472871581,-0.0008826125330979595,38445700,437549874.0,Q1(最低),Q1(最低)
2025-12-11,11.34,11.37,11.341928852841178,11.345500000000003,-0.00017006391648233254,-0.0003147633122229099,0.002645502645502562,32217056,365403557.0,Q3,Q2
2025-12-12,11.38,11.4,11.368340456199437,11.371,0.0010256152905945282,-0.00023388829483450557,0.0017574692442881013,43253188,491716967.0,Q4,Q2
2025-12-15,11.48,11.51,11.436992103134322,11.440333333333335,0.003760420264161235,-0.0002920570670155165,0.002613240418118501,35401134,404882490.0,Q5(最高),Q2
2025-12-16,11.49,11.47,11.49523783175901,11.493833333333335,-0.00045565231756561353,0.0001221958231811815,-0.0017406440382941035,26097671,299998935.0,Q3,Q4
2025-12-17,11.48,11.51,11.460837563451777,11.465833333333334,0.0016719926830941478,-0.000435709270867668,0.002613240418118501,17060200,195524181.0,Q4,Q1(最低)
2025-12-18,11.56,11.64,11.534099478329338,11.532166666666662,0.002245560801632074,0.0001676017801810481,0.006920415224913601,19791989,228282770.0,Q4,Q4
2025-12-19,11.64,11.6,11.615946788286113,11.619333333333334,0.002070706086407359,-0.00029145777559413943,-0.003436426116838587,23915035,277795774.0,Q4,Q2
2025-12-22,11.58,11.53,11.566693020960013,11.568333333333333,0.0011504566617159817,-0.000141793318540806,-0.0043177892918826455,27242873,315109949.0,Q4,Q2
2025-12-23,11.58,11.54,11.556495395737272,11.55516666666667,0.002033886871221968,0.00011499003942838648,-0.003454231433506094,33001592,381382746.0,Q4,Q4
2025-12-24,11.5,11.55,11.52460576956325,11.527833333333332,-0.0021350638846349135,-0.00027998008617535763,0.004347826086956497,21487623,247636384.0,Q2,Q2
2025-12-25,11.6,11.56,11.567323876983677,11.566166666666668,0.002824864537712246,0.00010005132645574122,-0.0034482758620688614,24342233,281574493.0,Q5(最高),Q4
2025-12-26,11.55,11.55,11.55026201083965,11.551166666666663,-2.2684406587702988e-05,-7.831726899287794e-05,0.0,15032775,173632490.0,Q3,Q3
2025-12-29,11.57,11.55,11.563504502918429,11.560666666666668,0.0005617239202815316,0.0002454734085486354,-0.0017286084701814142,30371303,351198699.0,Q3,Q4
2025-12-30,11.52,11.47,11.498239739822056,11.498500000000002,0.0018924862127009945,-2.2634272117683096e-05,-0.004340277777777679,28893456,332223884.0,Q4,Q3
2025-12-31,11.44,11.41,11.453731006872932,11.455166666666669,-0.001198823934724258,-0.00012532858189784335,-0.002622377622377603,21606500,247475039.0,Q2,Q2
